
create database IF NOT EXISTS myDB;

use myDB;

DROP TABLE IF EXISTS `authors`;

CREATE TABLE `authors` (
  `id` int(11) NOT NULL AUTO_INCREMENT,
  `first_name` varchar(50) NOT NULL,
  `last_name` varchar(50) NOT NULL,
  `email` varchar(100) NOT NULL,
  `birthdate` date NOT NULL,
  `added` timestamp NOT NULL DEFAULT current_timestamp(),
  PRIMARY KEY (`id`),
  UNIQUE KEY `email` (`email`)
);

INSERT INTO `authors` (`id`, `first_name`, `last_name`, `email`, `birthdate`, `added`) VALUES (1, 'Ashlynn', 'Roberts', 'hettinger.delta@example.net', '2010-10-02', '2011-12-01 11:10:40');
INSERT INTO `authors` (`id`, `first_name`, `last_name`, `email`, `birthdate`, `added`) VALUES (2, 'Adrien', 'Zieme', 'wmacejkovic@example.net', '1973-05-20', '2016-09-18 10:36:30');
INSERT INTO `authors` (`id`, `first_name`, `last_name`, `email`, `birthdate`, `added`) VALUES (3, 'Alexanne', 'Bogan', 'amaya.simonis@example.net', '1997-03-14', '1973-01-13 06:03:25');
INSERT INTO `authors` (`id`, `first_name`, `last_name`, `email`, `birthdate`, `added`) VALUES (4, 'Lue', 'Rempel', 'mack.johns@example.com', '2014-06-25', '2018-06-23 08:09:26');
INSERT INTO `authors` (`id`, `first_name`, `last_name`, `email`, `birthdate`, `added`) VALUES (5, 'Green', 'Bernier', 'elisabeth.block@example.com', '2001-12-10', '1976-12-01 14:11:40');
INSERT INTO `authors` (`id`, `first_name`, `last_name`, `email`, `birthdate`, `added`) VALUES (6, 'Georgiana', 'Powlowski', 'shane90@example.org', '1992-03-14', '2013-03-07 17:40:02');
INSERT INTO `authors` (`id`, `first_name`, `last_name`, `email`, `birthdate`, `added`) VALUES (7, 'Lilla', 'Hansen', 'greenholt.margarita@example.org', '2015-07-13', '1989-05-20 20:26:10');
INSERT INTO `authors` (`id`, `first_name`, `last_name`, `email`, `birthdate`, `added`) VALUES (8, 'Waldo', 'Herzog', 'qraynor@example.net', '1977-01-27', '1991-12-23 01:01:22');
INSERT INTO `authors` (`id`, `first_name`, `last_name`, `email`, `birthdate`, `added`) VALUES (9, 'Eliezer', 'Keeling', 'bahringer.samir@example.com', '2002-08-06', '2005-07-27 05:54:05');
INSERT INTO `authors` (`id`, `first_name`, `last_name`, `email`, `birthdate`, `added`) VALUES (10, 'Lily', 'Romaguera', 'giovanna.raynor@example.com', '2010-05-02', '1991-01-29 01:11:34');
INSERT INTO `authors` (`id`, `first_name`, `last_name`, `email`, `birthdate`, `added`) VALUES (11, 'Kamron', 'Crist', 'ed95@example.com', '1975-10-25', '1983-07-29 23:01:34');
INSERT INTO `authors` (`id`, `first_name`, `last_name`, `email`, `birthdate`, `added`) VALUES (12, 'Lawrence', 'Schowalter', 'cormier.claudine@example.org', '1999-01-06', '2000-06-22 09:38:07');
INSERT INTO `authors` (`id`, `first_name`, `last_name`, `email`, `birthdate`, `added`) VALUES (13, 'Madge', 'Collier', 'daniel.shana@example.org', '2020-02-20', '2007-07-16 15:57:26');
INSERT INTO `authors` (`id`, `first_name`, `last_name`, `email`, `birthdate`, `added`) VALUES (14, 'Esteban', 'Tromp', 'kessler.ena@example.com', '2005-07-10', '1980-12-01 15:21:26');
INSERT INTO `authors` (`id`, `first_name`, `last_name`, `email`, `birthdate`, `added`) VALUES (15, 'Addie', 'Towne', 'bud60@example.org', '1996-08-11', '1998-01-29 02:31:31');
INSERT INTO `authors` (`id`, `first_name`, `last_name`, `email`, `birthdate`, `added`) VALUES (16, 'Randi', 'Powlowski', 'gkassulke@example.com', '1988-02-18', '1992-10-13 20:47:37');
INSERT INTO `authors` (`id`, `first_name`, `last_name`, `email`, `birthdate`, `added`) VALUES (17, 'Kylie', 'Sipes', 'greenfelder.ezekiel@example.net', '1981-11-02', '1975-03-18 01:24:01');
INSERT INTO `authors` (`id`, `first_name`, `last_name`, `email`, `birthdate`, `added`) VALUES (18, 'Tyler', 'Emard', 'bettye.waelchi@example.com', '1990-02-01', '1985-02-16 00:57:02');
INSERT INTO `authors` (`id`, `first_name`, `last_name`, `email`, `birthdate`, `added`) VALUES (19, 'Eloy', 'Feeney', 'roberts.ludwig@example.com', '2009-11-24', '2020-10-18 01:11:42');
INSERT INTO `authors` (`id`, `first_name`, `last_name`, `email`, `birthdate`, `added`) VALUES (20, 'Imelda', 'Legros', 'lyric28@example.net', '2009-04-21', '1990-09-03 00:31:24');
INSERT INTO `authors` (`id`, `first_name`, `last_name`, `email`, `birthdate`, `added`) VALUES (21, 'Juana', 'Hackett', 'annabelle42@example.com', '2010-04-13', '1976-11-05 23:17:56');
INSERT INTO `authors` (`id`, `first_name`, `last_name`, `email`, `birthdate`, `added`) VALUES (22, 'Edd', 'Kub', 'grace.jacobson@example.org', '1993-05-30', '2012-08-15 11:52:36');
INSERT INTO `authors` (`id`, `first_name`, `last_name`, `email`, `birthdate`, `added`) VALUES (23, 'Rosemarie', 'Conroy', 'nora82@example.net', '1983-02-19', '2001-10-18 07:14:05');
INSERT INTO `authors` (`id`, `first_name`, `last_name`, `email`, `birthdate`, `added`) VALUES (24, 'Daisy', 'Walter', 'gillian.jones@example.org', '1985-01-13', '1977-10-29 17:44:28');
INSERT INTO `authors` (`id`, `first_name`, `last_name`, `email`, `birthdate`, `added`) VALUES (25, 'Jonatan', 'Leffler', 'roma.crona@example.org', '1985-08-17', '2001-08-09 14:04:27');
INSERT INTO `authors` (`id`, `first_name`, `last_name`, `email`, `birthdate`, `added`) VALUES (26, 'Abdiel', 'Yundt', 'michelle60@example.net', '1976-06-25', '2014-04-04 18:20:10');
INSERT INTO `authors` (`id`, `first_name`, `last_name`, `email`, `birthdate`, `added`) VALUES (27, 'Bennett', 'Mante', 'marshall.carter@example.com', '1994-07-23', '2000-07-04 15:07:49');
INSERT INTO `authors` (`id`, `first_name`, `last_name`, `email`, `birthdate`, `added`) VALUES (28, 'Winona', 'Hoeger', 'ben.kunde@example.org', '1987-12-30', '1984-11-24 04:12:54');
INSERT INTO `authors` (`id`, `first_name`, `last_name`, `email`, `birthdate`, `added`) VALUES (29, 'Gail', 'Leuschke', 'roxane17@example.com', '2008-01-06', '2010-08-21 00:54:19');
INSERT INTO `authors` (`id`, `first_name`, `last_name`, `email`, `birthdate`, `added`) VALUES (30, 'Gina', 'Fisher', 'diamond.osinski@example.org', '1986-03-22', '1999-10-23 15:34:18');
INSERT INTO `authors` (`id`, `first_name`, `last_name`, `email`, `birthdate`, `added`) VALUES (31, 'Lenna', 'Roob', 'dickens.viviane@example.com', '2002-04-25', '2016-12-04 02:43:52');
INSERT INTO `authors` (`id`, `first_name`, `last_name`, `email`, `birthdate`, `added`) VALUES (32, 'Billy', 'Miller', 'francis.buckridge@example.org', '1981-03-27', '1987-09-03 01:40:54');
INSERT INTO `authors` (`id`, `first_name`, `last_name`, `email`, `birthdate`, `added`) VALUES (33, 'Leatha', 'Collins', 'otto20@example.com', '1986-09-07', '1981-02-05 05:57:17');
INSERT INTO `authors` (`id`, `first_name`, `last_name`, `email`, `birthdate`, `added`) VALUES (34, 'Gage', 'Lehner', 'hdickinson@example.com', '2002-05-30', '1978-05-22 18:58:12');
INSERT INTO `authors` (`id`, `first_name`, `last_name`, `email`, `birthdate`, `added`) VALUES (35, 'Jean', 'Abshire', 'vquigley@example.org', '2008-06-19', '1980-03-03 12:46:52');
INSERT INTO `authors` (`id`, `first_name`, `last_name`, `email`, `birthdate`, `added`) VALUES (36, 'Katharina', 'Wisoky', 'ariane85@example.org', '2006-08-04', '2012-12-18 18:09:48');
INSERT INTO `authors` (`id`, `first_name`, `last_name`, `email`, `birthdate`, `added`) VALUES (37, 'Araceli', 'Reilly', 'mohammed.quigley@example.net', '1990-08-19', '1973-11-10 07:33:23');
INSERT INTO `authors` (`id`, `first_name`, `last_name`, `email`, `birthdate`, `added`) VALUES (38, 'Filiberto', 'Kohler', 'emmerich.katlynn@example.org', '2010-12-27', '2017-09-04 23:48:26');
INSERT INTO `authors` (`id`, `first_name`, `last_name`, `email`, `birthdate`, `added`) VALUES (39, 'Bret', 'Schuster', 'luz.hills@example.org', '1975-11-27', '2002-06-25 05:06:53');
INSERT INTO `authors` (`id`, `first_name`, `last_name`, `email`, `birthdate`, `added`) VALUES (40, 'Dimitri', 'D\'Amore', 'johnston.brian@example.net', '1978-04-28', '2013-10-12 11:31:14');
INSERT INTO `authors` (`id`, `first_name`, `last_name`, `email`, `birthdate`, `added`) VALUES (41, 'Schuyler', 'Koss', 'arno20@example.com', '1972-08-25', '2018-05-18 17:15:50');
INSERT INTO `authors` (`id`, `first_name`, `last_name`, `email`, `birthdate`, `added`) VALUES (42, 'Clementina', 'Kassulke', 'trystan.gleichner@example.com', '1975-05-01', '2012-12-10 00:32:02');
INSERT INTO `authors` (`id`, `first_name`, `last_name`, `email`, `birthdate`, `added`) VALUES (43, 'Myron', 'Gulgowski', 'zstiedemann@example.com', '1990-09-25', '1985-01-28 14:00:52');
INSERT INTO `authors` (`id`, `first_name`, `last_name`, `email`, `birthdate`, `added`) VALUES (44, 'Hosea', 'Walker', 'providenci17@example.org', '1996-10-24', '1996-08-10 08:16:02');
INSERT INTO `authors` (`id`, `first_name`, `last_name`, `email`, `birthdate`, `added`) VALUES (45, 'Jeramy', 'Hackett', 'glynch@example.net', '2019-01-26', '2018-09-18 23:51:15');
INSERT INTO `authors` (`id`, `first_name`, `last_name`, `email`, `birthdate`, `added`) VALUES (46, 'Dave', 'Mraz', 'schiller.eriberto@example.org', '1998-03-15', '1978-07-01 07:58:48');
INSERT INTO `authors` (`id`, `first_name`, `last_name`, `email`, `birthdate`, `added`) VALUES (47, 'Tressa', 'Gutmann', 'johann.harris@example.com', '2007-06-13', '1998-05-22 21:26:11');
INSERT INTO `authors` (`id`, `first_name`, `last_name`, `email`, `birthdate`, `added`) VALUES (48, 'Kade', 'Prohaska', 'mbarton@example.com', '2006-06-03', '1999-04-02 07:36:52');
INSERT INTO `authors` (`id`, `first_name`, `last_name`, `email`, `birthdate`, `added`) VALUES (49, 'Kaitlyn', 'Wintheiser', 'aracely.aufderhar@example.net', '2003-10-23', '1972-09-17 22:24:30');
INSERT INTO `authors` (`id`, `first_name`, `last_name`, `email`, `birthdate`, `added`) VALUES (50, 'Brannon', 'Roberts', 'metz.jaron@example.net', '2008-10-02', '1990-01-30 16:27:37');
INSERT INTO `authors` (`id`, `first_name`, `last_name`, `email`, `birthdate`, `added`) VALUES (51, 'Lesley', 'Roob', 'wrippin@example.com', '1975-12-14', '1971-06-13 10:57:28');
INSERT INTO `authors` (`id`, `first_name`, `last_name`, `email`, `birthdate`, `added`) VALUES (52, 'Abdullah', 'Reilly', 'wilderman.javon@example.net', '2020-07-17', '2016-01-17 02:08:11');
INSERT INTO `authors` (`id`, `first_name`, `last_name`, `email`, `birthdate`, `added`) VALUES (53, 'Yesenia', 'Deckow', 'soledad.eichmann@example.org', '1970-01-31', '1979-03-01 10:43:05');
INSERT INTO `authors` (`id`, `first_name`, `last_name`, `email`, `birthdate`, `added`) VALUES (54, 'Freeda', 'Glover', 'telly.thiel@example.org', '1993-05-03', '2017-01-14 06:20:19');
INSERT INTO `authors` (`id`, `first_name`, `last_name`, `email`, `birthdate`, `added`) VALUES (55, 'Garfield', 'Cummings', 'dee69@example.org', '1998-09-25', '1978-03-09 14:54:19');
INSERT INTO `authors` (`id`, `first_name`, `last_name`, `email`, `birthdate`, `added`) VALUES (56, 'Erin', 'Howe', 'lysanne.thiel@example.net', '1980-06-29', '1998-06-30 06:29:39');
INSERT INTO `authors` (`id`, `first_name`, `last_name`, `email`, `birthdate`, `added`) VALUES (57, 'Domenica', 'Armstrong', 'gbergstrom@example.com', '1989-04-28', '2017-02-28 22:17:47');


#
# TABLE STRUCTURE FOR: posts
#

DROP TABLE IF EXISTS `posts`;

CREATE TABLE `posts` (
  `id` int(11) NOT NULL AUTO_INCREMENT,
  `author_id` int(11) NOT NULL,
  `title` varchar(255) NOT NULL,
  `description` varchar(500) NOT NULL,
  `content` text NOT NULL,
  `date` date NOT NULL,
  PRIMARY KEY (`id`)
);

INSERT INTO `posts` (`id`, `author_id`, `title`, `description`, `content`, `date`) VALUES (1, 1, 'Ut temporibus consectetur nulla officia.', 'Doloremque consequatur est et voluptatem sequi. Rerum porro voluptates saepe. Repudiandae sint quisquam sit consequatur magnam quis.', 'Sed assumenda odit debitis. Et non animi voluptatem consequatur voluptatum. A accusantium et quidem ut fugit quia. Magni itaque sit impedit iure sunt.', '1985-06-25');
INSERT INTO `posts` (`id`, `author_id`, `title`, `description`, `content`, `date`) VALUES (2, 2, 'Nesciunt magni ad accusamus voluptas.', 'Itaque ut nobis aut quia sit ut. Quas commodi saepe fugit autem voluptatem quo aut. Nihil veritatis quia vitae sit et dolor illum. Totam rem ex corrupti quis.', 'Autem accusantium sit voluptatum repellendus. Et ut ut inventore quaerat iusto a. Velit ipsa cum consequatur ea quo.', '2007-02-18');
INSERT INTO `posts` (`id`, `author_id`, `title`, `description`, `content`, `date`) VALUES (3, 3, 'Et nobis et officiis dolores error libero.', 'Id vero rerum voluptatem debitis velit quaerat. Perspiciatis non aspernatur eum totam. Rerum dolor iste sit maxime deleniti cum. Ut deserunt error est voluptate consectetur voluptas.', 'Dolorem sunt cumque necessitatibus est autem. Consequatur voluptatibus omnis voluptatum facere accusantium. Magni alias veritatis enim et vitae ut odio.', '1978-09-19');
INSERT INTO `posts` (`id`, `author_id`, `title`, `description`, `content`, `date`) VALUES (4, 4, 'Occaecati illum vel eaque beatae.', 'Voluptatum alias quaerat eos nisi sit aut laudantium. Optio voluptates voluptatem praesentium sunt. Et et harum rerum. Dicta sint perferendis dolore. Aut ex aut quis non magnam dolores fugiat.', 'Perferendis quis modi quia labore dolores ea ipsam. Harum amet saepe veritatis sed.', '1982-06-09');
INSERT INTO `posts` (`id`, `author_id`, `title`, `description`, `content`, `date`) VALUES (5, 5, 'Non reprehenderit doloribus et pariatur sapiente.', 'Aut facilis dignissimos maxime illo quam. Laboriosam molestias earum cupiditate in voluptas natus excepturi. Totam excepturi rerum rerum eos ut consequatur. Sed eos sint veniam optio eum occaecati.', 'Dolorem est officia neque excepturi fugit temporibus delectus. Quia quidem sed sed molestiae enim. Est corporis distinctio pariatur quia autem. Cum fugit tempora commodi tenetur placeat fugit nemo.', '1982-01-20');
INSERT INTO `posts` (`id`, `author_id`, `title`, `description`, `content`, `date`) VALUES (6, 6, 'Porro perferendis tempore facilis voluptas dolor.', 'Fugiat iste perferendis ullam id. Autem dolorem alias sed temporibus debitis harum facilis. Officia id error ut nobis culpa natus. Dolorem alias officiis beatae et perspiciatis ut exercitationem.', 'Voluptatem aut enim assumenda omnis et dolor. Ullam a et sapiente totam velit qui numquam. Soluta praesentium facilis enim itaque maiores corporis quaerat.', '2002-02-12');
INSERT INTO `posts` (`id`, `author_id`, `title`, `description`, `content`, `date`) VALUES (7, 7, 'Reprehenderit aspernatur earum et minima pariatur dignissimos aut.', 'Voluptatibus quis repellendus amet necessitatibus quis. Repellat asperiores officia et vero facere.', 'Et quo nihil minus at. Voluptas eos est ab adipisci accusantium. Dolore vel sed qui et nostrum qui quos.', '1972-12-07');
INSERT INTO `posts` (`id`, `author_id`, `title`, `description`, `content`, `date`) VALUES (8, 8, 'Corporis tempore sunt ratione excepturi aut ut et.', 'A in magnam dolor ut assumenda explicabo. Qui rem et veniam id iusto animi mollitia. Voluptatibus nobis est quis eaque corporis.', 'Soluta alias quod expedita quae reprehenderit accusantium optio delectus. Facilis laudantium molestiae ipsa dolor amet pariatur deserunt. Cupiditate eos sed illo tempore occaecati.', '1999-10-29');
INSERT INTO `posts` (`id`, `author_id`, `title`, `description`, `content`, `date`) VALUES (9, 9, 'Eos qui rerum molestias molestiae voluptas est sit.', 'Voluptatem ab laboriosam quo error deleniti amet est ut. Quia totam id sint optio corrupti est blanditiis. Eligendi necessitatibus sint ea qui culpa odit. Et itaque perspiciatis ut dignissimos enim.', 'Ullam at vero molestiae quam incidunt sed voluptas. Repellendus enim atque velit quia similique.', '1999-09-26');
INSERT INTO `posts` (`id`, `author_id`, `title`, `description`, `content`, `date`) VALUES (10, 10, 'Omnis officia est neque nesciunt illum est aut.', 'Corrupti consequatur ad ea ratione enim nostrum. Excepturi quibusdam quia autem ea voluptatem repellendus voluptatem. Ea ut minus quia non reprehenderit at ex. Fugiat sequi qui consequatur eligendi.', 'Praesentium aut rem a. Quaerat eius vero corporis earum cum quia consectetur. Modi architecto nostrum pariatur neque quia. Voluptates corrupti reprehenderit quo ipsam quod.', '1993-06-05');
INSERT INTO `posts` (`id`, `author_id`, `title`, `description`, `content`, `date`) VALUES (11, 11, 'Autem est ut autem eum dolorum quam.', 'Officia atque itaque dolorem est recusandae eligendi commodi. Commodi alias ab natus asperiores quis sint. Voluptates vel minima nemo impedit inventore nisi. Nesciunt fuga soluta ut ut eos maxime.', 'Sint voluptatem mollitia qui ipsum. Exercitationem est illo qui voluptates soluta vel. A id minus non quasi. Ipsam esse nisi aliquid debitis amet molestiae qui nihil.', '1978-04-22');
INSERT INTO `posts` (`id`, `author_id`, `title`, `description`, `content`, `date`) VALUES (12, 12, 'Aut quia omnis molestiae unde minus eaque qui.', 'Quia ut et laborum alias corporis in. Harum unde beatae eos vero numquam expedita. Quo quisquam dolores sit officiis eum quo.', 'Fugiat rerum eaque id eaque dolores. Repellendus et eum impedit praesentium nam eos libero asperiores. Harum aut similique ut ratione tenetur odio. Iure est eius quidem ut.', '1983-05-20');
INSERT INTO `posts` (`id`, `author_id`, `title`, `description`, `content`, `date`) VALUES (13, 13, 'Dolores aut facilis maiores temporibus quibusdam.', 'Rerum voluptas sapiente tenetur. Aut tempore voluptas nostrum rem nisi autem. Facilis maiores praesentium dolorum hic atque sed et.', 'Minus sunt exercitationem ea perspiciatis magnam. Aut est ut nemo laborum consequatur voluptatem voluptates. Saepe aperiam odio at ut quaerat dolorem.', '2014-09-21');
INSERT INTO `posts` (`id`, `author_id`, `title`, `description`, `content`, `date`) VALUES (14, 14, 'Sit commodi dolorem voluptate veniam aut.', 'Qui dicta neque expedita inventore nobis neque itaque. Eum eos cumque qui rerum quisquam. Est accusantium amet veritatis provident et repudiandae.', 'Quis odio blanditiis corrupti temporibus quia. Ut aut veniam quidem sed culpa adipisci. Quam atque consectetur inventore. Possimus et eos nesciunt optio occaecati laudantium voluptatem.', '1994-07-22');
INSERT INTO `posts` (`id`, `author_id`, `title`, `description`, `content`, `date`) VALUES (15, 15, 'Eos qui officiis sint qui voluptatem.', 'Qui earum aut assumenda esse. Culpa sit consequuntur qui expedita ad ipsa. Culpa accusamus corporis rem eveniet.', 'Qui eligendi quasi accusantium laboriosam est. Accusamus eum rerum illum ut perferendis. Et dolorum qui vel.', '1982-12-07');
INSERT INTO `posts` (`id`, `author_id`, `title`, `description`, `content`, `date`) VALUES (16, 16, 'Facere aut iusto quis excepturi.', 'Possimus pariatur consectetur est ullam temporibus. Minima ut molestiae sed blanditiis quas deserunt. Est ipsa sapiente tenetur est quibusdam eum. Iste et quas et culpa nostrum.', 'Atque a fuga vero officiis eius omnis hic aut. Deleniti necessitatibus quos praesentium officiis. Voluptas numquam ab dolore nesciunt odit. Nemo deleniti neque natus deserunt ipsa magni voluptatem.', '2014-03-12');
INSERT INTO `posts` (`id`, `author_id`, `title`, `description`, `content`, `date`) VALUES (17, 17, 'Laudantium ratione fuga quasi.', 'Dicta mollitia sed a et earum harum ad. Non dolores aut labore dolores amet quibusdam et. Voluptate temporibus qui libero non cupiditate necessitatibus iusto.', 'Velit id laborum molestiae ipsa voluptas adipisci. Alias aliquam vel eos tempore corrupti sequi harum officiis. Illo vel consequatur aut ut quis. Omnis soluta autem ut iusto consequuntur suscipit.', '2004-09-18');
INSERT INTO `posts` (`id`, `author_id`, `title`, `description`, `content`, `date`) VALUES (18, 18, 'Omnis ut veritatis dolores a ipsa repudiandae non consectetur.', 'Vero quidem dignissimos est consequatur sed blanditiis. Aperiam quo aut ut accusantium unde qui.', 'Eius eius eos enim aut illum cumque. Tenetur dolores sit quia.\nCommodi ipsum autem est officia. Veritatis cupiditate explicabo et dolore. Aut omnis ea veritatis consequatur.', '1989-02-25');
INSERT INTO `posts` (`id`, `author_id`, `title`, `description`, `content`, `date`) VALUES (19, 19, 'At ea occaecati rerum maxime.', 'Earum enim in quis omnis et. Quia velit delectus velit quidem maxime et et. Itaque ipsam expedita et sit sint. Tenetur quidem ut et tempora.', 'Sit similique sit pariatur beatae. Perferendis ab eaque ut ut quis molestias. Itaque ratione nemo nulla voluptatem.', '1975-08-08');
INSERT INTO `posts` (`id`, `author_id`, `title`, `description`, `content`, `date`) VALUES (20, 20, 'Maxime provident quisquam omnis molestiae inventore esse aut.', 'Et autem et ut vel et eum aliquid. Soluta voluptas nihil illum aliquid iure sed. Repellendus dolor ratione repellat nihil aliquam et ad. Culpa numquam officiis omnis est nihil qui.', 'Nam libero porro sapiente est. Et neque et ut itaque eaque blanditiis aspernatur.', '1977-02-05');
INSERT INTO `posts` (`id`, `author_id`, `title`, `description`, `content`, `date`) VALUES (21, 21, 'Repudiandae quibusdam quas et voluptatem alias quibusdam.', 'Quo harum aut non tempore. Doloribus et autem magnam eaque. Consequatur vel nesciunt perferendis dolor soluta.', 'Quia neque vitae enim sunt excepturi dolor. Id et est ut quia magnam est. A non dolores similique quia sit aut et. Dolorum rerum optio sed doloribus et aut harum.', '1999-08-01');
INSERT INTO `posts` (`id`, `author_id`, `title`, `description`, `content`, `date`) VALUES (22, 22, 'In recusandae exercitationem at asperiores voluptas.', 'Quis odit quisquam ullam natus. Fugiat adipisci architecto in dignissimos et. Nulla ea occaecati inventore aut rerum.', 'Numquam dolorum et consectetur nisi non mollitia ut. Nihil eligendi temporibus excepturi commodi mollitia distinctio voluptatem.', '1985-04-15');
INSERT INTO `posts` (`id`, `author_id`, `title`, `description`, `content`, `date`) VALUES (23, 23, 'Repellendus tenetur debitis error fugiat rerum error.', 'Magni ut possimus et ut. Unde quis sapiente dolore cupiditate quasi perspiciatis consectetur ea. Officia nihil eius aut nihil earum. Consequatur consequuntur qui autem porro sint temporibus soluta.', 'Molestiae vitae omnis est culpa ipsa. Et perferendis voluptates voluptate adipisci fuga. Quaerat molestiae expedita ut animi aperiam error culpa. Hic saepe eos vel pariatur consequatur.', '1980-04-22');
INSERT INTO `posts` (`id`, `author_id`, `title`, `description`, `content`, `date`) VALUES (24, 24, 'Maiores dolorum ad voluptas animi illo earum.', 'Tenetur ipsum eos aut illo. Sint consectetur id tempora tenetur placeat. Est in occaecati quia quod ut. Ullam dolorem tempore quia voluptatem qui.', 'Delectus reiciendis reiciendis quia dolores repellat. Temporibus officia sit est nulla hic et. Voluptas voluptatem corrupti eligendi enim et.', '2006-11-03');
INSERT INTO `posts` (`id`, `author_id`, `title`, `description`, `content`, `date`) VALUES (25, 25, 'Corporis quo molestiae est sapiente.', 'Mollitia voluptatem fugit eos facere illum et. Id voluptas et iure perspiciatis. Et est quo qui iusto eum. Perspiciatis ipsum consequuntur quasi praesentium perferendis.', 'Et eveniet nihil libero eum ut. Quibusdam ad inventore et quisquam dolorem ea perferendis. Iure perferendis nihil id omnis aut sapiente. Eveniet nam ullam odio.', '2019-12-18');
INSERT INTO `posts` (`id`, `author_id`, `title`, `description`, `content`, `date`) VALUES (26, 26, 'Necessitatibus labore aliquam sint cum adipisci neque.', 'Omnis molestias minus aut eum iste. Et quos ut excepturi vitae. Et voluptas quod fugiat sint perferendis perspiciatis quidem. Explicabo sint reiciendis cumque ratione ad quisquam voluptate quisquam.', 'Vero magnam rem nihil perspiciatis. Iure excepturi ut sunt facilis. Inventore nisi assumenda illo optio voluptas. Mollitia non est corporis quae eius explicabo voluptas.', '1977-01-28');
INSERT INTO `posts` (`id`, `author_id`, `title`, `description`, `content`, `date`) VALUES (27, 27, 'Alias quod qui est voluptatibus.', 'Voluptas corrupti dicta doloribus sed suscipit ratione magnam. Ipsa recusandae cum dolorum saepe a perspiciatis labore. Dolorem modi totam distinctio molestias officia sunt voluptas. Qui laboriosam natus quas reprehenderit voluptatum rerum rem.', 'Animi et natus qui perspiciatis odit quis assumenda. Maiores et placeat qui placeat eligendi similique. Repudiandae soluta iste asperiores modi praesentium.', '1984-07-27');
INSERT INTO `posts` (`id`, `author_id`, `title`, `description`, `content`, `date`) VALUES (28, 28, 'Corrupti neque cumque natus voluptates.', 'Repellat aut cupiditate qui aut ea. Laudantium sequi animi aut debitis consequatur ab. Delectus quas dolores ut. Neque nostrum eveniet ut.', 'Velit quis ad excepturi nulla repudiandae. Et eum dolorum sunt. Quia sunt voluptatem sint omnis. Eligendi praesentium praesentium esse quidem cum aliquid incidunt.', '1970-10-07');
INSERT INTO `posts` (`id`, `author_id`, `title`, `description`, `content`, `date`) VALUES (29, 29, 'Ea repudiandae inventore omnis quae consequatur provident omnis.', 'Distinctio voluptatem ea eos. Cupiditate nihil fugiat ad et voluptatum. Ipsa ad rem beatae laborum.', 'Similique veritatis est nemo maiores officia fugit ut. In recusandae aut ratione ab deleniti. Est sunt quia nemo ut molestiae placeat quia.', '2010-09-04');
INSERT INTO `posts` (`id`, `author_id`, `title`, `description`, `content`, `date`) VALUES (30, 30, 'Doloribus dolores quibusdam et dolores enim consequatur.', 'Est nisi est accusantium alias. Iusto ea enim iure ut nesciunt nihil dolor. Impedit non consequatur consequatur neque non sit.', 'Totam dolor reprehenderit quisquam quas consequuntur optio cum. Nihil saepe voluptas eum quis velit. Quod repellat eum harum architecto dolore officiis.', '1983-03-20');
INSERT INTO `posts` (`id`, `author_id`, `title`, `description`, `content`, `date`) VALUES (31, 31, 'Eius architecto est autem ut.', 'Id eum dolorem at nemo facere eius magnam. Ut consequuntur dolores nobis omnis expedita. Ut quidem aut velit harum officia amet. Ut quasi ad ipsum omnis qui.', 'Quaerat at accusantium iusto eos iusto. Culpa aut maiores harum. Recusandae dolore in tempora eaque sed sequi.', '2018-08-27');
INSERT INTO `posts` (`id`, `author_id`, `title`, `description`, `content`, `date`) VALUES (32, 32, 'Debitis vitae reprehenderit ad aliquid quae autem.', 'Aut cupiditate temporibus totam error ea quisquam. Repudiandae ea minus similique incidunt facere nulla. Ea iure aut et non aliquid molestias nobis beatae.', 'Id dignissimos et et voluptate. Nesciunt ut natus voluptatum deserunt. Et porro dolor ea ratione necessitatibus possimus laboriosam.', '1982-02-16');
INSERT INTO `posts` (`id`, `author_id`, `title`, `description`, `content`, `date`) VALUES (33, 33, 'Molestias qui impedit ipsam aut quidem occaecati.', 'Ea eius modi delectus molestiae. Est ut non rerum corporis quaerat doloremque odit unde. Ea et eum consectetur tenetur. Nulla nemo voluptas vero tempora sit. Necessitatibus nesciunt impedit quisquam.', 'Ea voluptatem magni molestiae qui ea est. Dolor hic veniam commodi pariatur veritatis nobis nihil. Est aliquid possimus doloribus corrupti repellendus iste.', '1981-08-15');
INSERT INTO `posts` (`id`, `author_id`, `title`, `description`, `content`, `date`) VALUES (34, 34, 'Quisquam minus in aliquam deserunt voluptates quia.', 'Perspiciatis qui et tempore veniam laboriosam. Numquam ipsa quisquam ut molestias expedita. Eum aspernatur quam laboriosam quo adipisci dicta et.', 'Magnam unde vitae nihil atque quod qui quam accusantium. Veritatis quo dolorum voluptatem quisquam error fugit. Excepturi quam ab quia debitis vero eos mollitia.', '1972-06-19');
INSERT INTO `posts` (`id`, `author_id`, `title`, `description`, `content`, `date`) VALUES (35, 35, 'Sunt totam est vel consequatur magni placeat sunt vitae.', 'Eligendi sit est aliquid. Maiores dolores molestiae earum natus.', 'Et et quo excepturi deleniti aspernatur ullam autem quisquam. Libero a sunt iure id ea magnam qui. Nobis occaecati odio qui velit aperiam. Quia dolorem incidunt dolores quam quam.', '1986-05-25');
INSERT INTO `posts` (`id`, `author_id`, `title`, `description`, `content`, `date`) VALUES (36, 36, 'Ab est vel omnis excepturi eligendi ut dignissimos facilis.', 'Ea quasi aut laborum aut ratione est eaque. Quis corporis inventore veniam nisi eos deleniti et. Ut reiciendis fugit sit. At dolor consequatur officiis quia voluptatem consectetur deleniti.', 'Velit recusandae vel vero ipsa est. Animi in vero assumenda exercitationem saepe. Eos molestiae reiciendis reiciendis. Exercitationem et ipsam at facere quis.', '1980-10-03');
INSERT INTO `posts` (`id`, `author_id`, `title`, `description`, `content`, `date`) VALUES (37, 37, 'Molestiae aut at eos aut.', 'Ab ipsa ut maxime libero expedita consequatur odio. Dicta qui eveniet officiis alias.', 'Qui omnis numquam voluptate vitae. Aut dolor repudiandae sed repellendus quos omnis. Nihil eveniet laudantium esse praesentium porro praesentium alias. Officia et eius quia vitae.', '2009-02-11');
INSERT INTO `posts` (`id`, `author_id`, `title`, `description`, `content`, `date`) VALUES (38, 38, 'Aliquam distinctio quo magnam provident.', 'Aut sapiente enim et sequi blanditiis. Tempora repellendus accusamus consequuntur recusandae est.', 'Illum vero et aut error. Est molestiae aspernatur voluptas esse aut. Deserunt sint consequuntur est repellendus accusantium. Numquam dolores dignissimos explicabo debitis quia illo in.', '2000-09-05');
INSERT INTO `posts` (`id`, `author_id`, `title`, `description`, `content`, `date`) VALUES (39, 39, 'Ducimus aperiam maxime itaque molestiae sapiente aut non dolores.', 'Reiciendis ea et qui voluptatem laudantium quia. Distinctio id neque sit expedita. Quidem et qui nisi incidunt aut qui ipsa.', 'Soluta voluptas aut distinctio deserunt. Autem voluptates iste eos nihil dolores quaerat et dolor.', '2017-07-31');
INSERT INTO `posts` (`id`, `author_id`, `title`, `description`, `content`, `date`) VALUES (40, 40, 'Temporibus cum architecto eius mollitia repudiandae suscipit.', 'Est voluptas dolores repellat occaecati ad numquam. Est maxime repellat quibusdam debitis modi eaque. Necessitatibus laborum exercitationem nisi ea dolorem odit eum.', 'Iste quis ab autem optio quia illum veniam. Doloribus omnis est adipisci nam voluptatem nesciunt libero. Quis id quia omnis ex accusantium. Exercitationem in nesciunt corrupti nemo.', '1992-11-07');
INSERT INTO `posts` (`id`, `author_id`, `title`, `description`, `content`, `date`) VALUES (41, 41, 'Quas error mollitia reiciendis velit fugit.', 'Ut culpa laboriosam quod asperiores quis voluptate. Explicabo quaerat quibusdam expedita doloremque quae. Qui atque error dicta iusto unde rerum. Officia voluptates consequatur perferendis alias fuga.', 'Nobis consequatur pariatur sit quisquam sapiente. Nemo facere nostrum veniam repellat. Autem mollitia ipsam quisquam blanditiis aut nam.', '1976-01-08');
INSERT INTO `posts` (`id`, `author_id`, `title`, `description`, `content`, `date`) VALUES (42, 42, 'Facere eligendi et veniam aut.', 'Id ullam provident sunt a odit sint sunt fugit. Ea dolor amet possimus dolores sit ex.', 'Nihil explicabo voluptatem aliquam. Aut cupiditate officia dicta a quia qui. Natus a sit eos sunt.', '2008-11-08');
INSERT INTO `posts` (`id`, `author_id`, `title`, `description`, `content`, `date`) VALUES (43, 43, 'Ad temporibus mollitia cumque occaecati blanditiis.', 'Quisquam aut aliquam eos voluptatem quasi voluptas. Voluptatibus ducimus rerum occaecati autem deleniti ratione. Sed et eveniet necessitatibus aut dolores. Ut nobis ut atque deserunt.', 'Velit veritatis est dignissimos quis provident. Unde reprehenderit rem ut cum provident cum. Distinctio porro totam et dignissimos ipsa ut.', '1977-06-16');
INSERT INTO `posts` (`id`, `author_id`, `title`, `description`, `content`, `date`) VALUES (44, 44, 'Impedit quos sit et quasi.', 'Dignissimos enim impedit exercitationem esse. Quis enim et vero laboriosam pariatur deserunt. Dolorem atque nulla sint et quam veritatis.', 'Rerum repellat et aut exercitationem. Totam dolor aut eum voluptate nihil. Sequi qui consequatur voluptatem quasi dolores. Veritatis nemo pariatur culpa distinctio odio architecto.', '2007-11-12');
INSERT INTO `posts` (`id`, `author_id`, `title`, `description`, `content`, `date`) VALUES (45, 45, 'Assumenda numquam facere harum nesciunt reiciendis labore consequatur.', 'Consequatur reprehenderit aperiam et qui. Nisi quia deserunt aut sapiente eius asperiores. Eum blanditiis a beatae amet sunt excepturi qui.', 'Corrupti repellat ullam occaecati. Quaerat voluptas in saepe animi voluptas laudantium. Quia occaecati sed facere harum labore iure.', '1976-09-18');
INSERT INTO `posts` (`id`, `author_id`, `title`, `description`, `content`, `date`) VALUES (46, 46, 'Aliquid ab culpa at.', 'Facilis sint eos expedita. Quam sint error qui earum. Dolorem sit aspernatur et at dolorum temporibus perferendis. Aut magni nemo et doloremque ut et enim eius.', 'Ullam totam voluptatem illum dolorem omnis non. Fuga culpa sapiente quia optio ut ut.', '1990-03-22');
INSERT INTO `posts` (`id`, `author_id`, `title`, `description`, `content`, `date`) VALUES (47, 47, 'Tenetur cupiditate modi et quasi.', 'Molestias tempora in aut assumenda et. Aut aspernatur rerum voluptatem. Iste quibusdam omnis at dolore sed. Dolorem minima animi autem voluptatibus perferendis et.', 'Dignissimos fugit deserunt earum qui non. Vitae molestiae est suscipit repellat ratione. Minima assumenda est dolorem omnis qui dolores officia.', '2016-05-14');
INSERT INTO `posts` (`id`, `author_id`, `title`, `description`, `content`, `date`) VALUES (48, 48, 'Eum temporibus cupiditate impedit consequatur corporis.', 'Itaque distinctio mollitia debitis. Amet autem odit ut hic eos. Sunt est cumque culpa et at aut porro tempora. Dolores nobis alias omnis ut ipsum odio corporis assumenda.', 'Vel impedit nihil sit et voluptatem alias tempore vel. Est dolor sunt aut. Eos ut vel ipsam deserunt saepe. Voluptatibus est odio autem a nesciunt suscipit placeat ipsa.', '1987-07-18');
INSERT INTO `posts` (`id`, `author_id`, `title`, `description`, `content`, `date`) VALUES (49, 49, 'Aliquam numquam voluptas ut et.', 'Dignissimos minima at iure fuga facilis amet. Neque quia dolor impedit sit minima. Aut deleniti aut eos inventore. Sit eveniet occaecati officiis id recusandae dolores dicta.', 'Omnis adipisci ut id. Sint eaque repellat exercitationem nam suscipit nihil laudantium debitis. Autem non est aut nobis beatae.', '1982-07-22');
INSERT INTO `posts` (`id`, `author_id`, `title`, `description`, `content`, `date`) VALUES (50, 50, 'Ut quisquam veniam autem sed.', 'Excepturi modi cupiditate enim odio maiores quo. Voluptatem asperiores ullam sint qui. Consequatur ut vel sed enim beatae adipisci. Officia quod facere officiis est voluptates voluptatum dolorem. Possimus vitae dolor sed est reprehenderit.', 'Ut eaque quia non ipsam. Fugit velit natus nisi quibusdam velit voluptas nesciunt. Beatae in fugiat mollitia et.', '1991-06-09');
INSERT INTO `posts` (`id`, `author_id`, `title`, `description`, `content`, `date`) VALUES (51, 51, 'Accusantium ab aliquid eligendi accusantium quaerat.', 'Nostrum corporis autem beatae enim inventore voluptatem. Assumenda aut deleniti id. Nesciunt aliquam et ad consequatur vero fugit perferendis. Perspiciatis aut magnam aut debitis porro.', 'Vero aperiam mollitia repudiandae vel et ea. Vitae et hic quod eos natus.', '2006-06-09');
INSERT INTO `posts` (`id`, `author_id`, `title`, `description`, `content`, `date`) VALUES (52, 52, 'Et provident ut ducimus ab non quam.', 'Ullam qui fuga numquam sed tenetur esse. Excepturi voluptatem voluptates iste ut aut quis. Ipsa quisquam maiores non odio dolor beatae.', 'Aut fuga in quidem vel voluptas omnis enim. Saepe fugiat vero cum et excepturi omnis nesciunt. Officiis laboriosam officia possimus rerum odio corporis qui. Natus vitae repudiandae reprehenderit.', '1972-08-03');
INSERT INTO `posts` (`id`, `author_id`, `title`, `description`, `content`, `date`) VALUES (53, 53, 'Et quidem qui qui eaque hic nam qui omnis.', 'Quo id tenetur earum occaecati eos. Quod pariatur sequi sint qui doloribus voluptate vel ipsum. Qui repudiandae delectus asperiores illo voluptas.', 'Qui quisquam deleniti officiis facilis voluptate quaerat. Veniam cumque nam maxime natus tenetur. Quidem esse alias magnam quas. Nisi aut autem incidunt molestiae porro eos earum fugit.', '1989-08-28');
INSERT INTO `posts` (`id`, `author_id`, `title`, `description`, `content`, `date`) VALUES (54, 54, 'Est ut impedit omnis atque quod.', 'Consequatur perferendis voluptas aut non non. Aut nulla ullam et sint optio. Perspiciatis est et eos et. Odit autem nobis magni et doloribus deserunt.', 'Repellendus illum impedit ut et. Ut similique neque asperiores aut ipsam consectetur enim. Sit deserunt veritatis non esse impedit unde aut. Ducimus eos praesentium aut est.', '1993-11-12');
INSERT INTO `posts` (`id`, `author_id`, `title`, `description`, `content`, `date`) VALUES (55, 55, 'Nisi eos architecto veniam ducimus ratione saepe consequatur sint.', 'Et iusto incidunt dolore. Sequi hic ea harum explicabo qui eum. Exercitationem quidem aut labore delectus rerum in amet voluptatem. Explicabo nulla aliquam alias non tempore.', 'Est dolor et autem eos a tempora eius. Eligendi incidunt incidunt nihil voluptatem ut nesciunt consequatur. Necessitatibus distinctio expedita adipisci mollitia.', '2010-06-20');
INSERT INTO `posts` (`id`, `author_id`, `title`, `description`, `content`, `date`) VALUES (56, 56, 'Iste ex tenetur iste aut eaque.', 'Eos qui ut aut dolor dolore cupiditate nisi. Facilis veritatis consequuntur ut repellendus ut et.', 'Est autem aut quis. Sed est dolores alias aliquid voluptatibus. Quaerat illum est alias.', '1977-09-16');
INSERT INTO `posts` (`id`, `author_id`, `title`, `description`, `content`, `date`) VALUES (57, 57, 'Veritatis minus maiores explicabo fugit.', 'Non eum asperiores ipsum rerum aliquid deserunt minus. Non similique adipisci sed repellat eum et nam. Accusantium odit ducimus voluptatem et consectetur neque. Occaecati laudantium aut molestiae nemo architecto a qui.', 'Molestias eum et sunt rerum. Distinctio officiis doloremque totam iste. Architecto sint perspiciatis dolorum consequatur vero libero. Autem culpa quaerat non soluta.', '1995-05-11');
INSERT INTO `posts` (`id`, `author_id`, `title`, `description`, `content`, `date`) VALUES (58, 1, 'Sed et officiis nostrum dignissimos eos quidem consectetur.', 'Deleniti repellat accusamus velit modi ut. Id ipsam pariatur earum in. Amet accusantium totam iure. Sed praesentium assumenda distinctio.', 'Ut consequatur unde ducimus et itaque. Consequatur iure aut facere nulla consectetur voluptas minima. Ut culpa veniam nisi autem voluptates quod.', '1996-05-19');
INSERT INTO `posts` (`id`, `author_id`, `title`, `description`, `content`, `date`) VALUES (59, 2, 'Corporis modi quis non necessitatibus et sequi doloremque.', 'Cumque nemo in dignissimos quia eligendi. Occaecati sequi quod quibusdam. Sint odio mollitia in quod optio doloremque. Accusamus voluptatem unde autem.', 'Qui quia velit ut quasi cumque. Et delectus perferendis ipsa ut et. Nihil quo error repudiandae perferendis.', '2009-07-11');
INSERT INTO `posts` (`id`, `author_id`, `title`, `description`, `content`, `date`) VALUES (60, 3, 'Nostrum sint odio doloribus laborum blanditiis architecto reiciendis exercitationem.', 'Et molestiae sit nulla nulla. Natus sed odit magni unde voluptatum aperiam voluptas. Accusantium consequuntur animi sunt et ea illo sit.', 'Cupiditate eius enim quasi doloribus iusto consectetur eveniet. Praesentium inventore hic consequatur est nisi id recusandae. Facere repellat aut qui in voluptatem excepturi.', '2007-12-03');
INSERT INTO `posts` (`id`, `author_id`, `title`, `description`, `content`, `date`) VALUES (61, 4, 'Culpa et placeat dicta et modi.', 'Molestiae minima at quia assumenda ut quidem eveniet. Velit illo consectetur qui reiciendis sit amet delectus. Eum dolorem porro tempore. Eos voluptas quia est cupiditate. Et temporibus sed sint nam iusto.', 'Aut qui occaecati occaecati voluptatem. Dolores sapiente culpa necessitatibus et facere. Sint est assumenda laudantium nobis ipsam.', '1981-12-10');
INSERT INTO `posts` (`id`, `author_id`, `title`, `description`, `content`, `date`) VALUES (62, 5, 'Voluptas minima impedit doloremque quibusdam sit.', 'Et et laborum consequatur veritatis et dolor. Nesciunt doloribus ex aut. Voluptatem dolores voluptates ex eum sint aliquam sed ex.', 'Qui eius nulla tempora id. In minus id eius explicabo consequatur. Itaque sed unde quia quisquam. Voluptas sit rerum architecto minus qui amet beatae.', '1991-07-20');
INSERT INTO `posts` (`id`, `author_id`, `title`, `description`, `content`, `date`) VALUES (63, 6, 'Sunt eum ut adipisci provident quis.', 'Porro expedita consequuntur harum dolorem praesentium nihil. Ex et vero vel omnis enim et architecto. Earum reprehenderit doloremque perferendis accusantium. Adipisci quis ea vero eius.', 'Quia facilis earum reiciendis et aliquid voluptatem. Repellat est maiores laudantium qui nulla. Possimus laboriosam illo corrupti iusto.', '1980-03-12');
INSERT INTO `posts` (`id`, `author_id`, `title`, `description`, `content`, `date`) VALUES (64, 7, 'Voluptate et laborum eaque consequatur voluptatem autem laborum.', 'Quasi distinctio dolorem omnis laboriosam ullam. Eaque sunt quia nam error illum quod placeat. Dicta occaecati est facere reiciendis rerum reiciendis delectus.', 'Quae aliquid voluptas doloremque rerum voluptate ipsam error. Voluptas soluta libero quia quas quis assumenda nihil. Quasi consequatur atque est. Soluta qui quia quas explicabo quae.', '1983-09-12');
INSERT INTO `posts` (`id`, `author_id`, `title`, `description`, `content`, `date`) VALUES (65, 8, 'Voluptatem deserunt sint itaque consequatur nihil.', 'Nam sint quod temporibus omnis repellat non earum. Sint voluptatem dignissimos est reiciendis illo aut eos. Commodi velit omnis fugiat est similique. Est eligendi ut ut.', 'Nostrum sed quasi molestiae enim. Voluptas vel rerum id voluptas atque placeat ut. Dolorem perferendis est qui dicta natus harum.', '1983-10-27');
INSERT INTO `posts` (`id`, `author_id`, `title`, `description`, `content`, `date`) VALUES (66, 9, 'Et rerum velit officia vel.', 'Quasi nulla enim neque recusandae alias quam magni. Provident consequuntur assumenda et cumque architecto minima pariatur voluptatem. Ipsa eum at aut. Hic et magnam commodi nostrum in quo minus.', 'Nesciunt totam nihil harum id voluptatem ab cupiditate. Earum reiciendis quis est non quae soluta. Ex iure perferendis beatae.', '1988-07-28');
INSERT INTO `posts` (`id`, `author_id`, `title`, `description`, `content`, `date`) VALUES (67, 10, 'Iste velit esse nihil omnis dolore.', 'Odit in exercitationem blanditiis ea. Iste unde nostrum rerum nulla inventore voluptatem veritatis ut. Aspernatur aut minima sit dolorem sed nemo sit soluta. Hic velit tempore iure assumenda.', 'Magnam sed sit odit quaerat facilis porro. Est voluptate natus sunt natus repellendus ea ut. Quis deleniti soluta sit voluptatibus quia suscipit.', '1980-07-21');
INSERT INTO `posts` (`id`, `author_id`, `title`, `description`, `content`, `date`) VALUES (68, 11, 'Sequi mollitia cum dolore a.', 'Non voluptate illum quia. Quaerat quam fuga totam eos aspernatur nisi. Est illum dolor beatae non aut qui odio dolorum. Ut natus quia nihil qui necessitatibus explicabo.', 'Eos natus deleniti reprehenderit nemo. Possimus cum dolorum aliquam sed. Iste praesentium ut ipsam et.', '2016-02-17');
INSERT INTO `posts` (`id`, `author_id`, `title`, `description`, `content`, `date`) VALUES (69, 12, 'Distinctio maiores aut maiores.', 'Deleniti sit ipsam earum praesentium ut sed sit omnis. Totam earum aperiam et consequatur aut vero esse. Sint nihil molestiae similique modi.', 'Vel in quia provident et et quisquam saepe. Ullam saepe magni porro et quos asperiores. Repellendus aut nam aliquid aperiam enim. Qui culpa voluptatem repellat alias sapiente voluptatem.', '2004-11-06');
INSERT INTO `posts` (`id`, `author_id`, `title`, `description`, `content`, `date`) VALUES (70, 13, 'Inventore eius laborum aut distinctio.', 'Magnam officiis quam perferendis tenetur ut assumenda suscipit. Tenetur error aut sed qui perspiciatis optio. Et dolorum accusamus vel quasi dolorem unde impedit modi.', 'Quam magni rerum corporis sit. Ut voluptas est iste rem. Cupiditate tempore non quia velit molestiae. Tempore blanditiis voluptas voluptas incidunt quod aut.', '1972-08-18');
INSERT INTO `posts` (`id`, `author_id`, `title`, `description`, `content`, `date`) VALUES (71, 14, 'Ut rerum nobis magnam et harum earum.', 'Enim vel et ut. Autem est dolor vel exercitationem voluptatem temporibus ea. Quia amet quasi in temporibus. Omnis aut et et quas ea dolorum. Distinctio dolorem exercitationem ea ut fuga omnis.', 'Aut molestiae maxime ullam sint consequatur. Ipsum et corrupti velit eligendi delectus. Quod ut et assumenda repellendus qui. Fuga repudiandae velit dolorem libero.', '2019-11-12');
INSERT INTO `posts` (`id`, `author_id`, `title`, `description`, `content`, `date`) VALUES (72, 15, 'Accusantium incidunt distinctio asperiores non.', 'Sunt sint consequatur fugit aut et nulla ex. Optio qui nostrum ea aliquam voluptas molestiae. Aspernatur impedit vel id aspernatur. Consectetur eum itaque sit facere vero praesentium dolor.', 'Voluptas modi velit eos enim ad in. Labore porro molestias et ut error voluptatum. Porro id consequatur iure odio tempore ut.', '1984-10-14');
INSERT INTO `posts` (`id`, `author_id`, `title`, `description`, `content`, `date`) VALUES (73, 16, 'Blanditiis ratione architecto qui nihil quidem.', 'Aperiam ea accusamus et minima mollitia debitis. Qui et voluptas nisi. Nemo perspiciatis impedit laborum aut ullam suscipit. Nihil doloribus ut vel et expedita cupiditate.', 'Aut laborum beatae qui voluptatem. Voluptates assumenda odit minus perferendis. Qui illum nisi reiciendis veritatis ut.', '1993-05-11');
INSERT INTO `posts` (`id`, `author_id`, `title`, `description`, `content`, `date`) VALUES (74, 17, 'Harum et sunt et harum et delectus.', 'Et ut consequuntur reiciendis dolor consequatur minus. Omnis dolore quis et in et quis tempore dolorem. Molestiae ut neque laboriosam dolor sequi rerum sapiente. Deserunt dicta voluptatem perferendis et voluptas possimus.', 'Numquam dolores voluptatibus quo molestiae quo corrupti. Qui eius dolores minus sed. Nulla est aut debitis autem.', '1998-03-04');
INSERT INTO `posts` (`id`, `author_id`, `title`, `description`, `content`, `date`) VALUES (75, 18, 'Aut omnis quas dolorem sint.', 'Corrupti nihil amet ratione labore velit sit. Libero non nihil occaecati ea eos. Accusamus tenetur quae quis iste nam.', 'Quae recusandae sit ut inventore id. Autem alias est sint nulla deleniti consequatur. Ad veritatis aut eos cum officiis ratione. Unde a similique voluptatem et.', '1991-04-09');
INSERT INTO `posts` (`id`, `author_id`, `title`, `description`, `content`, `date`) VALUES (76, 19, 'Recusandae repellat ipsam vero in.', 'Esse eos rerum sequi necessitatibus laborum. Cum facere corrupti et ut sit quos voluptatum ducimus. Quo quas odit quisquam assumenda.', 'Voluptatem odit saepe dolor. Ducimus consectetur quidem eligendi doloremque eveniet tempore. Architecto omnis nisi exercitationem.', '1994-08-14');
INSERT INTO `posts` (`id`, `author_id`, `title`, `description`, `content`, `date`) VALUES (77, 20, 'Ut occaecati placeat omnis quia temporibus.', 'Corrupti ipsum delectus nam hic laborum dolores blanditiis. Sunt cum ut omnis id. Inventore voluptatem cupiditate labore laudantium et. Accusantium architecto ad commodi tenetur.', 'Et totam magni repellendus enim dolorem dicta. Sit amet neque qui sed error. Est reiciendis fugiat consequatur et. Consequatur aliquam in quam qui exercitationem aut.', '2014-06-17');
INSERT INTO `posts` (`id`, `author_id`, `title`, `description`, `content`, `date`) VALUES (78, 21, 'Corporis totam perspiciatis at nemo necessitatibus dolores.', 'Qui nobis reiciendis officiis et rem perspiciatis. Assumenda consequatur amet laboriosam quas. Maxime pariatur asperiores velit.', 'Excepturi reiciendis et eum deleniti. Voluptate earum ratione corporis dolor sint. Dignissimos ut et libero debitis odit in qui rerum.', '2001-07-20');
INSERT INTO `posts` (`id`, `author_id`, `title`, `description`, `content`, `date`) VALUES (79, 22, 'Nesciunt reiciendis vero quos magnam sunt excepturi.', 'Sunt iste et aut laboriosam. Magnam id recusandae voluptates modi atque at. Optio aspernatur ut non omnis veniam maxime. A minus enim cupiditate dolore ea impedit atque.', 'Consectetur iure et aperiam quo. Dolorem dolorem dolor voluptates et. Est magni quis ratione consequuntur rerum. Qui quibusdam exercitationem molestiae repudiandae sunt repudiandae.', '1974-12-29');
INSERT INTO `posts` (`id`, `author_id`, `title`, `description`, `content`, `date`) VALUES (80, 23, 'Reiciendis dolorem aut nisi velit commodi voluptas.', 'Sed suscipit repellat nihil aliquid non. Pariatur nulla totam quos quos nobis ut dolore. Quo ipsa quam rerum in minima et.', 'Itaque vero sit quisquam quisquam. Porro vel quam qui nemo ipsa vero consequatur qui. Quia magnam occaecati quis corporis minima non excepturi.', '1977-07-08');
INSERT INTO `posts` (`id`, `author_id`, `title`, `description`, `content`, `date`) VALUES (81, 24, 'Placeat ullam dolorum distinctio sit.', 'Unde doloribus facere sunt ducimus. Rerum ut nemo quae consequatur consequatur. Sequi amet voluptatibus iste ea quo velit deleniti.', 'Rerum dolor sequi blanditiis aspernatur dolorem accusamus. Qui facilis numquam voluptatem cupiditate. In ducimus qui dolore.', '1973-12-19');
INSERT INTO `posts` (`id`, `author_id`, `title`, `description`, `content`, `date`) VALUES (82, 25, 'Quo et ullam asperiores provident deleniti non.', 'Dignissimos adipisci modi dolor modi doloribus. Eaque dolorum omnis laudantium a et. Omnis unde adipisci reiciendis odit perspiciatis suscipit voluptatem. Ullam aliquam et at aut est ut.', 'Id labore rerum assumenda sequi laborum. Illo aliquam illo dolor perferendis explicabo assumenda et culpa. Iure voluptatem quas ullam similique quae cum.', '2013-02-10');
INSERT INTO `posts` (`id`, `author_id`, `title`, `description`, `content`, `date`) VALUES (83, 26, 'Odit fuga maiores debitis dolorem quaerat in totam.', 'Voluptatem eos ut labore voluptate. Ipsum quos excepturi sapiente voluptate voluptatem est quidem. Veritatis voluptatibus consequuntur omnis fuga.', 'Quo dolorem ut ut nihil sint et qui. Vero culpa similique quidem cumque recusandae itaque vitae tempora. Aut corrupti facere non at.', '2000-06-09');
INSERT INTO `posts` (`id`, `author_id`, `title`, `description`, `content`, `date`) VALUES (84, 27, 'Consequuntur incidunt quos laudantium necessitatibus qui impedit magnam.', 'Minima iure ut qui est non voluptate. Tempora et aut recusandae culpa.', 'Architecto quis eveniet quibusdam similique. Voluptatem voluptatem qui sit ipsa beatae in. Fugiat voluptatem aut molestiae pariatur iure non.', '2007-11-16');
INSERT INTO `posts` (`id`, `author_id`, `title`, `description`, `content`, `date`) VALUES (85, 28, 'Eaque porro unde quae quia error laudantium sed.', 'Quibusdam cum nulla sit minus eos aut aut. Praesentium ut iste quia consequatur provident voluptatem quo. Id consequatur sunt autem eligendi non vitae.', 'Nesciunt sit quae ut fugiat excepturi quo tempora quibusdam. Laudantium rerum rerum at. Tenetur et qui in necessitatibus. Iusto aut consectetur perferendis.', '1983-01-02');
INSERT INTO `posts` (`id`, `author_id`, `title`, `description`, `content`, `date`) VALUES (86, 29, 'Impedit ut enim veniam eveniet placeat.', 'Eligendi repudiandae officiis omnis quo unde iure aut. Vitae suscipit harum ipsa possimus veritatis. Eligendi repellat in autem sunt possimus sint sed.', 'Numquam animi ea architecto consequuntur incidunt. Porro quo ut ad totam molestiae hic. Modi sapiente recusandae velit ut quas.', '1998-08-10');
INSERT INTO `posts` (`id`, `author_id`, `title`, `description`, `content`, `date`) VALUES (87, 30, 'Est et ad voluptatem et sint.', 'Impedit delectus minima aut. Eaque placeat inventore et odit quisquam explicabo quidem. Qui ducimus voluptatibus ut molestiae dignissimos accusantium quaerat. Occaecati officiis tenetur velit numquam. Eveniet sapiente excepturi vero et id vel sed sequi.', 'Aspernatur eos distinctio et libero beatae. Saepe error a itaque expedita tempore voluptatem. Atque et et deserunt pariatur sed cum dolores quia.', '1971-10-27');
INSERT INTO `posts` (`id`, `author_id`, `title`, `description`, `content`, `date`) VALUES (88, 31, 'Et quasi ad quasi eaque illo unde laboriosam.', 'Dignissimos nemo et iure. Nihil dolores et suscipit et voluptatem ut. Temporibus et voluptatem nulla nam velit quaerat. Explicabo doloremque ut dolores sapiente delectus.', 'Aperiam aut consequuntur aut et omnis amet facere. Doloremque accusantium voluptate est deleniti. Voluptatum fugit iure et sint eos natus adipisci.', '1983-11-14');
INSERT INTO `posts` (`id`, `author_id`, `title`, `description`, `content`, `date`) VALUES (89, 32, 'Nisi exercitationem quia alias ea.', 'Soluta laudantium a sunt repudiandae exercitationem earum id. Voluptatum dolore corporis rem doloribus error. Recusandae sunt amet sint fugiat. Laborum esse in perspiciatis odit itaque.', 'Voluptatem minima ut ipsum enim eos ducimus fugit. Accusantium velit voluptatem quis laboriosam. Repellendus a nostrum sint quia aut. Optio quia modi consequuntur.', '2001-01-21');
INSERT INTO `posts` (`id`, `author_id`, `title`, `description`, `content`, `date`) VALUES (90, 33, 'Odit ratione optio amet ab labore minima perferendis.', 'Eaque aliquam vitae hic et est corporis voluptates. Animi quo doloremque magni eum. Possimus magnam corporis eligendi quos dolore. Ea vero delectus eaque consequatur accusantium.', 'Ad necessitatibus voluptatum earum aut accusantium molestias culpa. Repudiandae molestiae eos dicta officia quia iusto. Sint quas quos inventore aliquid dolores.', '2007-11-08');
INSERT INTO `posts` (`id`, `author_id`, `title`, `description`, `content`, `date`) VALUES (91, 34, 'Velit quae molestiae dolores commodi voluptas.', 'Ad quis voluptatibus doloribus aut vel eos esse. Animi amet impedit et eos. Repudiandae corporis cum dicta.', 'Est voluptatum possimus a. Enim et commodi aut ipsum. Possimus neque sed numquam ex quis placeat consectetur. At qui sed officiis.', '1980-02-04');
INSERT INTO `posts` (`id`, `author_id`, `title`, `description`, `content`, `date`) VALUES (92, 35, 'Hic non repudiandae ut aliquid aut quae maxime.', 'Culpa dolorem eveniet praesentium qui non et. Aut suscipit eum dolore provident quidem possimus laudantium. Maxime illum omnis in eum impedit expedita.', 'Magnam incidunt nesciunt tenetur distinctio pariatur. Et aut soluta quo fugit iste. Sint aut voluptas laborum rerum dolor. Eum et accusantium ea necessitatibus sed quas.', '2020-09-23');
INSERT INTO `posts` (`id`, `author_id`, `title`, `description`, `content`, `date`) VALUES (93, 36, 'Dignissimos qui voluptatem aut dicta esse quisquam.', 'Beatae minima dolorem consequatur corporis debitis voluptas. Ducimus dolorum molestiae voluptatem. Neque consequuntur error et. Repudiandae itaque a non. Velit laboriosam ea eos perspiciatis sed eum totam.', 'Est quia aut fugiat a dolor reiciendis. Sint exercitationem eos magnam non. Ipsam necessitatibus quod enim ea distinctio suscipit. Et molestias autem voluptates vitae nihil voluptatibus possimus.', '1982-08-29');
INSERT INTO `posts` (`id`, `author_id`, `title`, `description`, `content`, `date`) VALUES (94, 37, 'Consequatur voluptate rerum id qui neque repudiandae.', 'Ut laborum at veritatis asperiores nihil quis facilis. Nulla aperiam aperiam ipsa et. Laboriosam similique sit ipsum magni est culpa enim eveniet. Totam aperiam laborum illum iusto deserunt odit non. Sequi explicabo ea commodi dicta tempore perspiciatis.', 'Mollitia eius consequuntur qui sapiente. Dolore illo sequi accusantium quia. Provident quia ut praesentium ut velit. Doloribus quo autem repellat sed id deserunt culpa.', '1996-12-29');
INSERT INTO `posts` (`id`, `author_id`, `title`, `description`, `content`, `date`) VALUES (95, 38, 'Reprehenderit fugiat laudantium veniam quia doloribus autem consequatur.', 'Aut repudiandae qui in aut atque aperiam quo. Odio tempore ut sit. Commodi aut qui provident perspiciatis. Est aut rem soluta beatae laudantium vero fuga.', 'Harum vel dolor laboriosam eaque. Odit repudiandae ipsa suscipit repellendus natus vitae. Omnis eum aliquam dolore eos et similique nesciunt rerum.', '2006-09-08');
INSERT INTO `posts` (`id`, `author_id`, `title`, `description`, `content`, `date`) VALUES (96, 39, 'Enim rerum nobis qui et.', 'Molestias rerum magni ut velit aliquid. Perferendis cum pariatur voluptatem recusandae id porro iure consequuntur. Sit dolore ad eos sapiente. Hic vel dolor velit doloribus quia fugit et.', 'Ea sit velit rem nisi perferendis tempora. Non aspernatur omnis eum earum id. Eveniet et et eveniet atque. Quidem voluptatem et maiores nulla saepe deserunt.', '1981-01-22');
INSERT INTO `posts` (`id`, `author_id`, `title`, `description`, `content`, `date`) VALUES (97, 40, 'Non impedit dignissimos sint est sit minima sit.', 'Magnam saepe autem aut blanditiis fugit. Aut reiciendis omnis expedita ratione et quaerat culpa cupiditate. Reprehenderit ipsum expedita reprehenderit quia est qui. Eos consequuntur nesciunt minus quam.', 'Voluptas laboriosam dolore repellat voluptatem corporis. Laudantium quis laudantium qui animi est et aut. Sint voluptas distinctio corrupti omnis et esse doloribus. Voluptatem eius tempora quia.', '2002-04-09');
INSERT INTO `posts` (`id`, `author_id`, `title`, `description`, `content`, `date`) VALUES (98, 41, 'Officia rerum ad aut incidunt.', 'Sit expedita optio hic aut quis. Nulla ipsum velit et quos praesentium praesentium. Repellat facilis reprehenderit totam sequi omnis mollitia. Aperiam ut veritatis sapiente vero quae earum.', 'Voluptatum modi enim consequuntur quo illo. Quo maxime quis libero tempora. Harum voluptatibus maxime officia debitis.', '1983-03-01');
INSERT INTO `posts` (`id`, `author_id`, `title`, `description`, `content`, `date`) VALUES (99, 42, 'Non et eum pariatur et.', 'Minima voluptatibus porro aut quis dolores iure aspernatur officia. Iure aut ut ut ratione voluptas inventore. Ex sit labore ut quia rem. Voluptatem optio velit id est voluptatem nulla voluptatem est.', 'Commodi ut et rerum est quia aspernatur laudantium enim. Exercitationem id itaque facere voluptatum. Cupiditate expedita ratione esse magni itaque sunt iusto.', '2011-06-01');
INSERT INTO `posts` (`id`, `author_id`, `title`, `description`, `content`, `date`) VALUES (100, 43, 'Ut nemo iste quia deleniti eveniet hic facere.', 'Accusantium soluta aperiam omnis. Consequuntur neque qui eius temporibus fugiat quaerat.', 'Sint nesciunt accusantium cum quia rerum enim eligendi. Velit deleniti voluptatem placeat provident.', '1999-05-06');
INSERT INTO `posts` (`id`, `author_id`, `title`, `description`, `content`, `date`) VALUES (101, 44, 'Quia et dolorem aliquid sapiente.', 'Ut velit assumenda voluptas. Nostrum aperiam error exercitationem ut pariatur maxime temporibus voluptates. Delectus id voluptatibus tempore enim. Velit voluptatem iure dolorum provident consectetur.', 'Rem veniam vero quae. Explicabo cupiditate reiciendis magnam nemo sit. Deserunt et vero facilis consequatur rem.', '2017-11-09');
INSERT INTO `posts` (`id`, `author_id`, `title`, `description`, `content`, `date`) VALUES (102, 45, 'In harum quia quo ut.', 'Ipsam laudantium aliquam culpa soluta rerum voluptatem. Ipsum qui ut quos sint error voluptatem. Aliquam quibusdam quisquam dolor enim. Reiciendis molestiae commodi molestiae recusandae quam quaerat occaecati.', 'Et officia aperiam consequatur commodi harum ut. Non reiciendis nesciunt nisi ut aut. Qui debitis non atque iste doloribus quasi tempore molestiae.', '1984-11-25');
INSERT INTO `posts` (`id`, `author_id`, `title`, `description`, `content`, `date`) VALUES (103, 46, 'Quia eos quia ab non sed facere provident.', 'Dolores ut debitis vitae expedita. Neque quasi dolorem ut fugiat. Aut autem dignissimos reprehenderit est beatae. Voluptatum doloremque quia ad perspiciatis consequatur et id.', 'Nesciunt ducimus aut dolore aut commodi aliquam. Sed nostrum ad minus ex voluptate. Excepturi architecto adipisci in aperiam.', '1986-08-18');
INSERT INTO `posts` (`id`, `author_id`, `title`, `description`, `content`, `date`) VALUES (104, 47, 'Dolorem est qui dolor voluptatem quibusdam suscipit modi hic.', 'Vero hic temporibus repudiandae rem. Ullam est et eius ex quidem recusandae quia officia. Magnam officiis qui quis.', 'Sapiente a et quia quidem ut sequi doloremque dolores. Aut esse doloribus iusto magnam cum.', '2019-02-08');
INSERT INTO `posts` (`id`, `author_id`, `title`, `description`, `content`, `date`) VALUES (105, 48, 'Odio ea error modi.', 'Optio dolorem sit consequatur. Sit vitae consequuntur voluptatum eius odio tempore. Eveniet numquam voluptatibus provident quia porro vero. Doloremque voluptatum nostrum odio et magni.', 'Debitis expedita dolor temporibus debitis debitis labore assumenda. Ut id harum ipsam suscipit. In eius aliquam aliquam alias quis quis. Autem omnis hic et animi.', '1995-07-02');
INSERT INTO `posts` (`id`, `author_id`, `title`, `description`, `content`, `date`) VALUES (106, 49, 'Ab vitae et tempore illum quia animi porro.', 'Cum voluptas ut nulla sunt. Laborum sed nam aliquid dolor quo laborum.', 'Sint et quis qui perferendis sit aperiam. Cum sequi explicabo dolor voluptas quis qui sit. Cum voluptate laborum nemo vero. Pariatur omnis praesentium atque magni vel.', '1986-11-19');
INSERT INTO `posts` (`id`, `author_id`, `title`, `description`, `content`, `date`) VALUES (107, 50, 'Vero sit et odit ullam placeat optio.', 'Maxime quidem odio quo. Aut delectus et laudantium magnam excepturi. Occaecati debitis ad qui porro aut.', 'Tenetur repellat ipsam eos dignissimos ullam. Vero consequatur necessitatibus rem. Quo vel rerum dicta consequatur aliquid et nesciunt.', '1986-07-30');
INSERT INTO `posts` (`id`, `author_id`, `title`, `description`, `content`, `date`) VALUES (108, 51, 'Voluptatum dolor aut et eligendi nostrum.', 'Praesentium dolorem veniam omnis et enim nam est. Eius placeat maxime voluptate eos.', 'Eius ut similique et sapiente omnis odit. Asperiores itaque ut ipsum excepturi. Deserunt numquam non eveniet praesentium.', '1983-10-23');
INSERT INTO `posts` (`id`, `author_id`, `title`, `description`, `content`, `date`) VALUES (109, 52, 'Error placeat alias id accusantium consequatur sunt.', 'Est saepe blanditiis dolorum repellendus perspiciatis aut possimus commodi. Quis animi eligendi non sunt. Dolores beatae nihil dolorem ut dignissimos vel quasi deserunt.', 'Ut rem corrupti magni a. Nihil velit ut dicta nesciunt. Natus nobis ratione nam eaque doloribus hic necessitatibus. Sunt et illum enim doloremque doloremque aperiam non.', '1977-10-14');
INSERT INTO `posts` (`id`, `author_id`, `title`, `description`, `content`, `date`) VALUES (110, 53, 'Non illum sit consequatur aut eos.', 'Quis amet sed minus sed. Aut dignissimos id aliquid possimus eum id.', 'Minus quia voluptatum minima quia aut nulla. Occaecati libero laboriosam ea voluptatem soluta molestiae nisi. Autem ex exercitationem placeat consequatur rem aut.', '2014-10-11');
INSERT INTO `posts` (`id`, `author_id`, `title`, `description`, `content`, `date`) VALUES (111, 54, 'Assumenda facere sit tempora neque blanditiis nulla quia.', 'Suscipit perferendis velit non quidem rerum. Consequatur ad possimus magni sint animi voluptas. Et est doloribus earum temporibus. Et aliquid eveniet qui.', 'Debitis voluptates esse voluptate eos. Optio cupiditate illum in rem.', '1986-10-22');
INSERT INTO `posts` (`id`, `author_id`, `title`, `description`, `content`, `date`) VALUES (112, 55, 'Repudiandae debitis quibusdam cupiditate deleniti exercitationem nostrum.', 'Animi delectus id rerum veritatis. Qui eos dolores sit autem accusamus cumque vitae distinctio. Dolorem asperiores ut numquam consequatur quo dolorem. Consequatur qui voluptatem sit vel odio.', 'Et et adipisci rerum quia et omnis. A excepturi qui aliquam soluta doloribus eos. Et aut natus similique.', '2003-09-19');
INSERT INTO `posts` (`id`, `author_id`, `title`, `description`, `content`, `date`) VALUES (113, 56, 'Nihil architecto quisquam dolores facere consequatur iusto.', 'Magnam minus vel incidunt et sed molestiae. Doloribus laboriosam odio sunt dolores. Quae hic eum a quia consectetur eligendi.', 'Qui odit beatae beatae voluptatem. Rerum ipsa dolorem atque iste. Voluptatem architecto est minus qui. Et culpa voluptatem est minima sit consequatur enim.', '2016-11-13');
INSERT INTO `posts` (`id`, `author_id`, `title`, `description`, `content`, `date`) VALUES (114, 57, 'Est corporis cupiditate est libero rerum commodi ut.', 'Dolor earum ipsam sint autem in in temporibus. Ullam eius mollitia laudantium corrupti. Consequatur aperiam ut distinctio ut rerum nulla. Rem similique hic dolorem explicabo.', 'Non occaecati tenetur voluptatibus ut molestias qui. Voluptates odio assumenda eum reiciendis ullam sed. Deserunt rerum non ullam asperiores.', '1981-08-13');
INSERT INTO `posts` (`id`, `author_id`, `title`, `description`, `content`, `date`) VALUES (115, 1, 'Itaque consequuntur optio molestias voluptatem tempore facere et.', 'Suscipit quis odit corrupti consequuntur id vel. Distinctio doloremque quis et omnis. Aliquid illo voluptatem quam et at vel quia.', 'Et quas similique omnis est blanditiis a. Id perferendis quisquam qui autem cumque magni debitis. Possimus saepe nulla pariatur magni et esse dolor.', '2008-05-10');
INSERT INTO `posts` (`id`, `author_id`, `title`, `description`, `content`, `date`) VALUES (116, 2, 'Illo quia ut odit in.', 'Doloremque molestias est nesciunt. Quod eum occaecati repellat nam veniam laboriosam. Consequatur tenetur praesentium tenetur rem magnam magnam quas non. Quos illo suscipit fugit aliquam consequatur dolorum provident.', 'Sunt consequatur quas blanditiis accusamus voluptate ut fuga eum. Sint fuga reiciendis voluptas architecto. Eaque nulla iure possimus. Inventore nulla excepturi non harum.', '1985-02-15');
INSERT INTO `posts` (`id`, `author_id`, `title`, `description`, `content`, `date`) VALUES (117, 3, 'Quis deserunt doloremque nisi et dicta.', 'Quia est error velit. Eum sed est illo et at error. Sunt doloribus et nostrum mollitia libero cum et. Harum corporis molestias molestias quam dolor.', 'Aperiam voluptatibus vel quia odio exercitationem. Culpa consequuntur consectetur ut voluptatem omnis. Numquam placeat quos ipsum.', '1977-06-28');
INSERT INTO `posts` (`id`, `author_id`, `title`, `description`, `content`, `date`) VALUES (118, 4, 'Possimus dolorem cupiditate voluptatem quam esse ad explicabo.', 'Ex quo rerum architecto minima consectetur. Itaque magnam ad amet est quia. Optio enim similique fugiat impedit. Et qui libero ipsam ut libero saepe unde.', 'Eum repellat dolorum porro blanditiis expedita rerum eum. Illo at in sit non vitae enim. Quisquam quia ea molestias accusamus.', '2019-08-27');
INSERT INTO `posts` (`id`, `author_id`, `title`, `description`, `content`, `date`) VALUES (119, 5, 'Eligendi autem molestiae qui quibusdam recusandae velit.', 'Porro expedita optio voluptatum voluptatum maiores eius sed sapiente. Nihil voluptas eligendi aspernatur. Esse asperiores et nobis consequatur quo adipisci non dolorem.', 'Harum qui dignissimos et ipsam consectetur ipsum officia. Sed eos eligendi ad sint expedita. Minima qui aut consectetur. Et sint amet rem.', '1978-02-16');
INSERT INTO `posts` (`id`, `author_id`, `title`, `description`, `content`, `date`) VALUES (120, 6, 'Est distinctio quis quis perferendis.', 'Cum et ea voluptatem ducimus. Perspiciatis rem deleniti beatae enim quae. Corporis ipsum est quis veniam suscipit non reiciendis reiciendis. Id quis laborum expedita dolore.', 'Eum deserunt deleniti amet quis tempore voluptas. Omnis aut accusamus non earum et ut voluptas. Fugit aut mollitia sequi omnis molestias quo.', '1980-04-24');
INSERT INTO `posts` (`id`, `author_id`, `title`, `description`, `content`, `date`) VALUES (121, 7, 'Omnis repellat iste ut ea necessitatibus id.', 'Et consequatur deserunt error aut qui quia fugit ea. Ipsam soluta laborum et. Dolor totam odio earum sapiente. Qui neque et voluptatibus aut molestias. Nihil qui et quasi aut.', 'Voluptas accusamus aut est quis. Ab quibusdam ullam aut quis ut itaque. Error sed quos non iste. Aperiam culpa voluptatem et eveniet ut quo nemo magni.', '2000-04-01');
INSERT INTO `posts` (`id`, `author_id`, `title`, `description`, `content`, `date`) VALUES (122, 8, 'Vel ut commodi occaecati est.', 'Quia sapiente occaecati omnis commodi provident. Fugiat et tenetur quasi. Numquam ducimus est hic. Fugit quis omnis culpa fugiat.', 'Quaerat eaque unde sed beatae laboriosam facere dolore beatae. Laudantium est et mollitia dolores rerum. Architecto neque et ut quo. Aspernatur voluptate fugiat est id est ut omnis.', '2019-04-09');
INSERT INTO `posts` (`id`, `author_id`, `title`, `description`, `content`, `date`) VALUES (123, 9, 'Culpa qui sed quia ut qui.', 'Enim numquam sunt nemo in nulla odit quae. Praesentium ut commodi eligendi. Animi voluptatem aut reprehenderit sit. Quia facere fugiat delectus sapiente et.', 'Odio laudantium minus veritatis rem odio consequatur dicta. Id quia sed quis in sunt placeat.', '1971-04-21');
INSERT INTO `posts` (`id`, `author_id`, `title`, `description`, `content`, `date`) VALUES (124, 10, 'Recusandae porro necessitatibus consequatur deleniti a id.', 'Expedita accusantium enim sit consequatur ut molestiae quia. Dolor nemo non voluptatem. Vel est est rerum ab. Sed excepturi et unde quia.', 'Et laboriosam enim corrupti dolores. Molestias quod ad enim expedita quia eos omnis. Quo tenetur odit quas sint distinctio. Sint non fuga vel accusamus aut iure.', '1999-03-03');
INSERT INTO `posts` (`id`, `author_id`, `title`, `description`, `content`, `date`) VALUES (125, 11, 'Odit vitae perspiciatis beatae et eos aspernatur.', 'Porro voluptatem pariatur enim. Hic suscipit natus aliquid quibusdam unde. Facilis similique earum optio doloremque incidunt. Consequatur distinctio ab sed dignissimos sed. Rerum id qui esse.', 'Nesciunt asperiores quia possimus ut vel. Est accusamus sed possimus impedit. Quo suscipit aliquam voluptatem omnis enim. Eligendi quod sapiente soluta exercitationem et.', '2002-01-10');
INSERT INTO `posts` (`id`, `author_id`, `title`, `description`, `content`, `date`) VALUES (126, 12, 'Et et dolorem quasi sint quia et.', 'Sed non enim minus quaerat quae reiciendis. Veniam magni qui rerum iusto possimus laborum. Laudantium consequatur excepturi vel dolorem qui qui. Sequi voluptas voluptas et qui aliquid consequatur.', 'Ut hic corrupti consequatur incidunt tempora ea. Est sunt iste cumque delectus sapiente voluptatem eum numquam.', '2017-04-17');
INSERT INTO `posts` (`id`, `author_id`, `title`, `description`, `content`, `date`) VALUES (127, 13, 'Necessitatibus exercitationem quidem est saepe sint illum numquam.', 'Officiis eos sequi eius eius nam quo molestiae. Neque error omnis alias quia et aperiam consequatur quidem. Est fuga amet deserunt laborum. Porro sit et quam asperiores.', 'Quo veritatis et vel hic voluptatem itaque. Quia aut sit sed qui praesentium corrupti et. Totam voluptas aliquid voluptate id neque similique dolor. Hic rem sint voluptatibus nihil at ducimus.', '2014-11-16');
INSERT INTO `posts` (`id`, `author_id`, `title`, `description`, `content`, `date`) VALUES (128, 14, 'Inventore error totam et nam tempore et quo.', 'Praesentium qui et error dolore ut eos optio repellat. Et excepturi rem illo pariatur consequatur officia aliquam. Accusantium numquam itaque enim culpa sed commodi facere. Odit aspernatur tempore autem ad commodi. Ab pariatur rem tempora occaecati eligendi et voluptatem.', 'Nemo a voluptatem nam delectus expedita dignissimos. Consequatur molestiae eos facere officia. Consequuntur animi quasi ut accusamus fugiat minima tempora.', '2019-03-27');
INSERT INTO `posts` (`id`, `author_id`, `title`, `description`, `content`, `date`) VALUES (129, 15, 'Delectus rerum nobis reprehenderit dolore.', 'Deserunt sit harum accusantium recusandae. Deserunt non corporis nam debitis facilis aspernatur. Magni aut ab debitis ut qui.', 'Culpa sapiente odit a voluptate. Qui blanditiis voluptatum et ut exercitationem. Consequuntur maxime numquam maiores dolorem dolor architecto.', '2020-05-01');
INSERT INTO `posts` (`id`, `author_id`, `title`, `description`, `content`, `date`) VALUES (130, 16, 'Cum eos accusamus id excepturi aut ut cum.', 'Inventore maiores ut voluptas non fugit eius. Sed architecto fuga explicabo cupiditate architecto. Quod alias voluptas aliquid vero sed consequatur harum. Recusandae omnis fugit expedita minus qui. Dolorem esse fugiat perspiciatis expedita repellendus.', 'Et a doloribus quia ad omnis fuga suscipit expedita. Vero voluptate qui a perferendis corporis facilis non perferendis. Eum libero minus sapiente aliquid a.', '1988-08-25');
INSERT INTO `posts` (`id`, `author_id`, `title`, `description`, `content`, `date`) VALUES (131, 17, 'Qui soluta alias nesciunt quia corporis voluptatum.', 'Consectetur exercitationem ad voluptatem corporis ullam sit ut. Ut eum vero corporis id. Quia laboriosam odio veniam qui veniam. Fuga quis sed numquam accusantium commodi in.', 'Quaerat iusto et assumenda dicta. Fugiat maxime nihil dolorem dignissimos. Incidunt enim sapiente laudantium impedit molestiae. Est et nihil cum iure consequatur.', '2012-03-06');
INSERT INTO `posts` (`id`, `author_id`, `title`, `description`, `content`, `date`) VALUES (132, 18, 'Iste nam rerum magnam officia.', 'Rem natus blanditiis neque quod. Vel soluta atque earum nobis aperiam. Amet fuga ipsam qui doloribus ea quo tempora.', 'Et quis modi et sequi laboriosam non. Sapiente quo aliquam modi. Ipsam et velit molestiae sunt vero dignissimos praesentium at. Id soluta in omnis aspernatur sunt.', '1998-06-26');
INSERT INTO `posts` (`id`, `author_id`, `title`, `description`, `content`, `date`) VALUES (133, 19, 'Maxime exercitationem et consequuntur vero id molestiae.', 'Architecto voluptatem eligendi voluptate nostrum excepturi autem veniam. Aut facilis mollitia nemo repellendus molestias magnam. Esse et quaerat blanditiis quidem ad modi consequatur.', 'Quis sapiente delectus accusantium eos ad vel. Quod tempore est ut vel consequatur iste architecto. Saepe laborum modi aut consectetur voluptatibus tenetur quae.', '2009-02-18');
INSERT INTO `posts` (`id`, `author_id`, `title`, `description`, `content`, `date`) VALUES (134, 20, 'Consectetur nulla excepturi aliquam minus consequatur.', 'Fugiat nihil nisi et qui sit vel dolorem. Fugit minus iusto aspernatur id quia officia consequatur. Animi et quam nostrum aperiam quo esse aut iste. Nam nam quo quia in sunt quo.', 'Laudantium laboriosam iure rerum omnis. Possimus ut omnis qui minima. Aperiam non esse a quo voluptatem atque officia. Distinctio dolores mollitia illum aut non non cupiditate.', '1973-03-25');
INSERT INTO `posts` (`id`, `author_id`, `title`, `description`, `content`, `date`) VALUES (135, 21, 'Maxime sed nihil voluptas ab modi hic ipsa.', 'Illum ea optio quasi qui nulla similique neque. Earum sed est dolor et saepe numquam accusamus. Delectus sequi ab ad quibusdam harum cumque dolores. Praesentium quidem nesciunt omnis veniam qui.', 'Impedit asperiores et deleniti quam nihil. Dolores voluptates placeat maxime soluta non sunt id eligendi. Et unde ducimus sint.', '2015-12-11');
INSERT INTO `posts` (`id`, `author_id`, `title`, `description`, `content`, `date`) VALUES (136, 22, 'Incidunt magnam in tempora sit.', 'Laudantium nam ut laboriosam facilis assumenda. Cum in est veniam exercitationem. Iusto tempore eos quo.', 'Nam nihil eveniet dolore aspernatur illum. Molestias placeat eum vero porro rerum. Voluptas quo et est aut impedit rerum iusto. Error exercitationem enim expedita ratione.', '1997-04-05');
INSERT INTO `posts` (`id`, `author_id`, `title`, `description`, `content`, `date`) VALUES (137, 23, 'Natus harum quae debitis fugit quasi quis.', 'Porro quos qui odit excepturi ducimus autem. Voluptates et qui dolore et est. Consequatur sed impedit nemo cumque dolore quam similique iure. Autem nemo dolores provident et distinctio ex. Aut eligendi voluptatem nihil ut.', 'Quod ab quod occaecati culpa quia enim et. Quis reprehenderit deleniti sed vel nostrum aut. Nam sit ad reprehenderit distinctio minima qui aut. Soluta ipsum autem nostrum.', '2010-12-16');
INSERT INTO `posts` (`id`, `author_id`, `title`, `description`, `content`, `date`) VALUES (138, 24, 'Praesentium et ut excepturi ipsa ullam eos.', 'Quia ullam eveniet cumque fugiat quia aspernatur neque. Magni ut qui velit mollitia et libero. Soluta incidunt quas rerum quia omnis sed quis. Vitae fuga expedita impedit voluptatem sed velit.', 'Eum in dolores aut quidem sit sunt molestiae. Odio molestiae illum cumque itaque laboriosam perferendis ad. Omnis non natus commodi velit.', '1993-09-08');
INSERT INTO `posts` (`id`, `author_id`, `title`, `description`, `content`, `date`) VALUES (139, 25, 'Magnam harum distinctio ea rerum.', 'Nihil voluptatem veniam esse deserunt possimus explicabo. Inventore deleniti dicta dolores fuga quos. Voluptate officia doloremque porro molestias laborum voluptatibus vel. Voluptatem repellat quis fugit et a reiciendis. Quia aut ullam nihil et.', 'In ipsa dignissimos temporibus eius cupiditate. Modi officia eum voluptates similique sed ullam. Nesciunt eveniet repellendus aliquam nihil.', '1977-09-25');
INSERT INTO `posts` (`id`, `author_id`, `title`, `description`, `content`, `date`) VALUES (140, 26, 'Fugiat culpa est autem quia voluptatem est.', 'Distinctio sit veritatis facere. Dolores sit magnam sint inventore sunt occaecati. Nihil vel qui soluta consequatur sit eius dolorem.', 'Magni earum accusantium sapiente voluptas. Porro voluptas vero exercitationem neque provident natus dolorem. Sequi velit laborum molestiae ex quasi tempora sint molestiae.', '2017-06-23');
INSERT INTO `posts` (`id`, `author_id`, `title`, `description`, `content`, `date`) VALUES (141, 27, 'Quis sed iusto rem fuga.', 'Harum aut tempore modi ut rem dolorem. Sed cum maxime ad. Quas amet est explicabo dolor nulla quo. Libero reiciendis molestiae quia et. Quasi adipisci eos ut voluptatem.', 'Et non libero enim assumenda cum ad. Repellat necessitatibus eius sit dolorem. Ipsam nihil vitae fuga non aut.', '1973-03-08');
INSERT INTO `posts` (`id`, `author_id`, `title`, `description`, `content`, `date`) VALUES (142, 28, 'Qui molestias aliquid eos eum minima tenetur.', 'Id autem numquam accusantium dolores in harum. At quisquam illum at id. A ea tenetur doloribus natus aut et reprehenderit. Laborum corrupti recusandae tenetur rerum sunt.', 'Minima laborum aspernatur et et mollitia vero facilis. Quos est consequuntur nisi facere quis. Animi itaque voluptas magni rerum rerum. Quod id excepturi dolorem occaecati doloremque dicta.', '2000-11-10');
INSERT INTO `posts` (`id`, `author_id`, `title`, `description`, `content`, `date`) VALUES (143, 29, 'Quod qui et itaque sunt.', 'Voluptatem libero adipisci est est nostrum sit quia ipsa. Quis id dolor blanditiis vel. Delectus asperiores aperiam eius nesciunt et.', 'Eos dignissimos harum et nisi tempore qui. Velit aspernatur mollitia consequatur soluta voluptates. Quia adipisci mollitia asperiores quisquam eius.', '2013-07-26');
INSERT INTO `posts` (`id`, `author_id`, `title`, `description`, `content`, `date`) VALUES (144, 30, 'Reprehenderit accusantium amet aliquam consequuntur voluptas sit.', 'Ut explicabo repudiandae non tenetur incidunt. Impedit magnam qui accusantium nemo quo incidunt et dolor. Non quidem magnam suscipit officia recusandae eius consequatur. Optio accusantium et ex debitis et.', 'Ipsa earum quisquam illum in omnis ut dicta. Et ut consequuntur necessitatibus voluptatem sunt quidem iure. Voluptatem minima sed quam est architecto.', '1990-01-28');
INSERT INTO `posts` (`id`, `author_id`, `title`, `description`, `content`, `date`) VALUES (145, 31, 'Voluptas quaerat eligendi dolorum iste dolore et vero vel.', 'Accusamus est voluptas doloribus. Voluptates eos consectetur quidem consequatur omnis. Et esse aut eligendi eius qui ex voluptatibus.', 'Error libero temporibus unde nam omnis. Quam et molestiae quia quibusdam consequatur dolorem. Non et ab voluptatem sit voluptatum non non. Libero dignissimos nihil sed temporibus.', '1982-04-21');
INSERT INTO `posts` (`id`, `author_id`, `title`, `description`, `content`, `date`) VALUES (146, 32, 'Laudantium asperiores omnis labore est.', 'Et maiores aut qui impedit et molestiae blanditiis. Voluptatem hic rerum ullam eum et hic. Inventore omnis dignissimos nihil repellendus quas. Repellendus voluptatem pariatur est.', 'Explicabo et ut fugit veniam eum nihil esse dolores. Voluptatem quam maxime qui voluptatem alias quasi velit. Laudantium delectus quia doloribus error quae.', '1993-06-29');
INSERT INTO `posts` (`id`, `author_id`, `title`, `description`, `content`, `date`) VALUES (147, 33, 'Quia iusto ut pariatur laboriosam ut.', 'Aut quam soluta aspernatur ut blanditiis dolorem. Recusandae dolor rerum rerum sequi voluptas. Laborum et facere omnis quis iusto possimus. Aut rerum quod blanditiis vero tempora.', 'Ad molestiae quia consequatur fuga repellendus et rerum aut. Id voluptas sit eius ex. Commodi molestiae ut sint. Dolor corporis dolorum quasi est excepturi minus ipsa delectus.', '1970-04-26');
INSERT INTO `posts` (`id`, `author_id`, `title`, `description`, `content`, `date`) VALUES (148, 34, 'Animi accusantium et velit in aperiam.', 'Ducimus est rem vero atque et suscipit facilis. Dolores quis eum voluptas aut inventore autem ratione. Quis culpa et esse reiciendis nobis.', 'Sint totam quis quam quidem. Quia cupiditate laboriosam laborum nobis non et commodi repudiandae. Velit magni quos non earum blanditiis temporibus. Voluptatum ratione velit incidunt ut ex.', '1985-08-28');
INSERT INTO `posts` (`id`, `author_id`, `title`, `description`, `content`, `date`) VALUES (149, 35, 'Laborum quia distinctio aut voluptate autem accusantium.', 'Quo veritatis animi placeat sed. Id aut aut occaecati illum. Esse quidem nam nesciunt dolorem quaerat.', 'Facere sed et velit consequatur. Maiores id ut occaecati. Et consequatur animi dicta iste. Provident ipsam est voluptatem id maxime. Itaque quia qui eos minus dolores iste ipsam.', '1984-09-20');
INSERT INTO `posts` (`id`, `author_id`, `title`, `description`, `content`, `date`) VALUES (150, 36, 'Itaque voluptatem laudantium blanditiis illo qui.', 'Deserunt dolorem voluptatibus id. Quae itaque ut quis animi quisquam rem id. Non necessitatibus et ratione dolore reiciendis veniam incidunt.', 'Et repudiandae fugit molestiae ex hic qui. Dolor praesentium sed sequi beatae et reiciendis. Corporis repudiandae consequuntur voluptas a harum omnis velit.', '1990-07-16');
INSERT INTO `posts` (`id`, `author_id`, `title`, `description`, `content`, `date`) VALUES (151, 37, 'Eius maxime atque unde quo dolorem ipsum consequuntur dolor.', 'Iusto ut consequatur expedita aut quo ipsam. Cum omnis dolor qui. Cumque ex atque placeat doloremque neque cupiditate provident.', 'Perspiciatis sit eligendi sint fuga ut voluptatem maiores. Ex ipsam ratione totam. Quam error quod ipsa molestiae maiores amet. Doloremque ipsam illo sunt adipisci omnis.', '2007-07-07');
INSERT INTO `posts` (`id`, `author_id`, `title`, `description`, `content`, `date`) VALUES (152, 38, 'Rerum atque quae quae nemo perferendis eaque laudantium consequuntur.', 'Praesentium qui eius ducimus repellat. Porro at odio qui qui. Minima culpa et excepturi possimus ea unde. Nam ut voluptate in cupiditate totam velit. Id eum qui blanditiis sit distinctio deserunt.', 'Nobis excepturi sint amet architecto. Illo possimus tempore laudantium sed ex ab. Minus rerum saepe sint et dignissimos.', '1983-11-28');
INSERT INTO `posts` (`id`, `author_id`, `title`, `description`, `content`, `date`) VALUES (153, 39, 'Qui commodi ea aliquam et atque vero et.', 'Odio est vel odio rem. Qui sapiente odit minima quae sit. Mollitia debitis vel sit quia id.', 'Cumque at suscipit et quis. Consectetur repellat ut illum sit omnis sunt eum. Sunt sint repellat perferendis non. Provident et nostrum porro doloremque qui rerum molestias.', '1980-06-30');
INSERT INTO `posts` (`id`, `author_id`, `title`, `description`, `content`, `date`) VALUES (154, 40, 'Ex quos aut quod aliquam est molestias delectus.', 'Facilis maxime incidunt consequatur expedita eveniet distinctio inventore. Quasi commodi qui voluptatem. Ut non illo non et voluptatibus voluptas. Consequatur vero ut nulla et sit voluptatem voluptatum.', 'Doloremque sint ut repellat error accusamus neque. Qui dignissimos corporis laborum et maxime a est. Autem non quos qui sit laborum perferendis cumque.', '1986-07-20');
INSERT INTO `posts` (`id`, `author_id`, `title`, `description`, `content`, `date`) VALUES (155, 41, 'At dolor qui eum molestias.', 'Mollitia totam odio cum qui eligendi quo. Quas sint ducimus optio enim.', 'Sit inventore et sit. Veritatis omnis sequi odit omnis non. Et vel consequatur delectus qui est et.', '2013-10-05');
INSERT INTO `posts` (`id`, `author_id`, `title`, `description`, `content`, `date`) VALUES (156, 42, 'Vero nemo qui nemo.', 'Aut est doloribus porro perferendis et qui. Minus consequatur voluptas aut vero. Autem debitis sequi architecto distinctio ut laboriosam atque. Dolor assumenda quaerat quo nobis.', 'Voluptas minus nemo sint quia quis molestias et. Autem ut sapiente molestias porro distinctio laudantium voluptatem veniam. Ipsum debitis voluptas asperiores sapiente culpa.', '2011-08-31');
INSERT INTO `posts` (`id`, `author_id`, `title`, `description`, `content`, `date`) VALUES (157, 43, 'Ut aut iure dolore praesentium ad fugiat.', 'Explicabo et id voluptatem dignissimos perspiciatis corrupti. Illo eos voluptate tenetur ducimus blanditiis accusantium. Ut voluptatem inventore autem ad. Fugit quia vero similique neque sed.', 'Ut repellendus eos fuga voluptatibus accusantium voluptates eos. Accusamus aut repellendus maiores et quibusdam neque. Aut neque consectetur dolores ratione nobis.', '2011-03-12');
INSERT INTO `posts` (`id`, `author_id`, `title`, `description`, `content`, `date`) VALUES (158, 44, 'Voluptas odit perferendis quae perspiciatis incidunt ut.', 'Adipisci est et laboriosam incidunt. Suscipit officiis explicabo omnis nulla. Qui non ut quibusdam sit.', 'Exercitationem earum autem est incidunt est repellat asperiores id. Numquam consequatur dolor delectus et. Impedit molestiae quia qui beatae eos consequatur quae beatae.', '1997-12-10');
INSERT INTO `posts` (`id`, `author_id`, `title`, `description`, `content`, `date`) VALUES (159, 45, 'Voluptatum laudantium consequatur aut quo repellendus aut vel.', 'Necessitatibus dolore iusto saepe suscipit aut. Amet quo eligendi suscipit et. Fugit quo cumque rerum soluta fugiat atque.', 'Voluptas sequi cupiditate tenetur illum. Nihil quidem et reiciendis tempora veritatis officia. Blanditiis cupiditate aut dignissimos beatae molestiae.', '2007-10-05');
INSERT INTO `posts` (`id`, `author_id`, `title`, `description`, `content`, `date`) VALUES (160, 46, 'Itaque ut veniam qui maxime quis eos natus.', 'Voluptas labore ut est quo quae dignissimos ut. Sunt illo quaerat maiores dignissimos deleniti. Facilis libero pariatur eos.', 'Labore harum et sapiente fuga. Et dolorem laborum iure in. Sed qui ex nostrum placeat. Qui architecto sint qui rerum autem voluptas.', '1992-10-21');
INSERT INTO `posts` (`id`, `author_id`, `title`, `description`, `content`, `date`) VALUES (161, 47, 'Quidem perspiciatis quis aliquam.', 'Impedit dolore voluptate error omnis est. Corrupti qui iste voluptates necessitatibus. Dolores hic ut veniam impedit laboriosam.', 'Rerum nam harum et corporis. Sit autem ullam sunt maxime voluptatem non beatae. Quia molestiae quis sint sit qui.', '1995-11-23');
INSERT INTO `posts` (`id`, `author_id`, `title`, `description`, `content`, `date`) VALUES (162, 48, 'Sed aut modi alias eum.', 'Culpa officia cumque non deserunt cupiditate praesentium. Asperiores ipsa possimus debitis voluptate. Non rerum libero qui voluptatem vel nemo. Illo mollitia reprehenderit quia ut voluptates.', 'Modi sequi incidunt odit nemo et vel. Non autem accusantium rerum sed voluptas. Enim sit debitis et vel id ut odit.', '2011-02-15');
INSERT INTO `posts` (`id`, `author_id`, `title`, `description`, `content`, `date`) VALUES (163, 49, 'Aut rem dolore enim magnam commodi.', 'Quos facilis molestiae sed. Voluptatum voluptates molestias aut dolorem eveniet perspiciatis molestiae. Tenetur sunt voluptatem suscipit accusantium illum molestias. Ea dicta laboriosam ipsum voluptates autem iure.', 'Possimus distinctio perferendis harum quo. Amet alias nihil vero velit. Vel non et ut repellendus autem est quod. Et illo adipisci error nam voluptatem officia.', '2018-12-28');
INSERT INTO `posts` (`id`, `author_id`, `title`, `description`, `content`, `date`) VALUES (164, 50, 'Aut quasi enim dicta.', 'Qui repellat corporis dolor error suscipit tempora quia vel. Voluptatem sed neque dolorem harum inventore harum.', 'Sapiente consectetur quaerat sit modi. Nobis voluptatem dolorem consequuntur ex veniam. Ut omnis expedita laborum qui est velit totam.', '1988-07-11');
INSERT INTO `posts` (`id`, `author_id`, `title`, `description`, `content`, `date`) VALUES (165, 51, 'Sint accusantium ea blanditiis qui.', 'Cumque atque architecto illum et at. Ut officiis ut maiores. Inventore sint nesciunt in qui asperiores totam molestias. Officia ut impedit recusandae.', 'Voluptatem ipsam ea est. Est sunt neque sunt blanditiis praesentium commodi assumenda.', '1973-12-16');
INSERT INTO `posts` (`id`, `author_id`, `title`, `description`, `content`, `date`) VALUES (166, 52, 'Asperiores laudantium voluptatum rerum autem facilis.', 'Et corporis maxime quo at et officiis ut. Est mollitia recusandae est dolorum dolorem ut non. Quia et accusamus est cupiditate est similique culpa autem. Architecto et ab velit sint quo natus natus.', 'Illum soluta dolor qui sed dolorum sapiente incidunt. In sit non laboriosam quam aut distinctio. Molestiae blanditiis amet est.', '1974-07-10');
INSERT INTO `posts` (`id`, `author_id`, `title`, `description`, `content`, `date`) VALUES (167, 53, 'Enim et et tempora natus rerum in suscipit.', 'Quibusdam qui in iste consequatur. Qui qui velit quae aliquam aut dolor recusandae. Eius sed eum doloremque numquam accusamus.', 'Est et dicta sit non explicabo voluptate. Autem quidem at explicabo voluptatibus veniam amet voluptatum. Veniam quia a nobis et.', '1989-12-20');
INSERT INTO `posts` (`id`, `author_id`, `title`, `description`, `content`, `date`) VALUES (168, 54, 'Unde libero enim ut sint natus consequatur quia.', 'Reiciendis et ut consequatur ea. Sed dolorem aut id praesentium. Qui nihil sed ullam dicta deleniti. Illo est quod nostrum quo ea.', 'Maiores natus sunt dolores est. Est voluptas rerum rerum suscipit porro consequuntur maiores. Molestias quia aut aliquid.', '2009-08-20');
INSERT INTO `posts` (`id`, `author_id`, `title`, `description`, `content`, `date`) VALUES (169, 55, 'Ut dignissimos sequi et consequatur iusto a fuga.', 'Quia fugiat id pariatur alias ipsam vel non. Excepturi unde ab omnis aut aut ratione. Deserunt quas enim vel. Esse dolores accusamus earum ullam ea qui.', 'Qui non quaerat quas ut rerum ipsum est. Quaerat earum aut non in consectetur omnis. Aut similique fuga cumque nisi rerum qui. Praesentium quos enim aut delectus repudiandae.', '2020-05-18');
INSERT INTO `posts` (`id`, `author_id`, `title`, `description`, `content`, `date`) VALUES (170, 56, 'Aut dolores vitae nihil molestiae.', 'Autem aut et ipsa praesentium dolorum. Debitis totam quisquam modi asperiores aut quos commodi. Dolor numquam dolor aut autem dolores.', 'Non quia accusantium ipsum ab natus. Et ut soluta excepturi ut molestiae. Itaque expedita sit reiciendis eveniet.', '1991-10-18');
INSERT INTO `posts` (`id`, `author_id`, `title`, `description`, `content`, `date`) VALUES (171, 57, 'Sequi consequatur architecto pariatur aut ipsam exercitationem et.', 'Quia hic rerum debitis qui et asperiores et dignissimos. Aliquid voluptas qui minus asperiores sed eveniet veritatis sunt. Qui id ratione saepe qui.', 'Quis quis qui optio iste voluptatibus. Quo distinctio eum eos voluptates enim quidem ipsa. Et aspernatur eos eius aut vel pariatur maxime doloremque.', '2010-03-07');
INSERT INTO `posts` (`id`, `author_id`, `title`, `description`, `content`, `date`) VALUES (172, 1, 'Sit fugiat quasi praesentium similique.', 'Sunt fugit occaecati inventore nisi nostrum. Vero odio nemo doloribus quidem aperiam. Numquam unde rerum ex minima laboriosam voluptas et quia.', 'Voluptatum dolor ex non est esse. Ea fuga ea recusandae sunt. Ducimus temporibus similique ad sunt nisi. Ullam in accusantium non quia.', '1980-10-07');
INSERT INTO `posts` (`id`, `author_id`, `title`, `description`, `content`, `date`) VALUES (173, 2, 'Laudantium occaecati sit ut dolorem odio non.', 'Qui modi ducimus est voluptatibus itaque perspiciatis. Sunt fuga et cumque nemo quia cupiditate nesciunt. Incidunt quia est adipisci qui ut ut voluptas. Nam nemo recusandae qui ut sit deserunt.', 'Deleniti fuga autem nihil consequuntur aut corporis. Modi occaecati eum autem commodi mollitia beatae velit. Libero officia iure ratione et ut quod. Suscipit dolores et sed rem facilis.', '2011-06-30');
INSERT INTO `posts` (`id`, `author_id`, `title`, `description`, `content`, `date`) VALUES (174, 3, 'Quod qui voluptate optio.', 'Ut vel expedita provident et veniam et. Laboriosam aliquid temporibus quod. Sit id dolor id ipsa.', 'Sed ratione ea omnis aut nesciunt asperiores. Nobis et illum blanditiis non est et voluptatem. Distinctio tempora iusto culpa et ex tenetur dolore.', '2005-11-29');
INSERT INTO `posts` (`id`, `author_id`, `title`, `description`, `content`, `date`) VALUES (175, 4, 'Autem ut corporis et quos.', 'Quia quia quia iusto autem. Incidunt non et ipsum enim vero quis. Error fugiat aliquam ea facere sit sunt. Vel iure sapiente omnis amet sunt qui.', 'Et ut qui quo ea ut eos ea reiciendis. Quam nemo perferendis amet quibusdam est. Vel sit doloribus molestiae nihil. Aspernatur quos voluptates quia veniam sit.', '2014-08-11');
INSERT INTO `posts` (`id`, `author_id`, `title`, `description`, `content`, `date`) VALUES (176, 5, 'Odit nesciunt debitis dolores aut consequatur ea distinctio.', 'Velit eligendi provident voluptates. Reiciendis sed ducimus repellat culpa quae placeat ut. Voluptatem autem suscipit tempora cupiditate quam voluptas sit.', 'Voluptatem possimus vel deleniti aut. Maxime deleniti temporibus iusto. Porro sunt et aut ipsum. Accusantium fugiat eveniet sunt consequatur.', '1982-03-15');
INSERT INTO `posts` (`id`, `author_id`, `title`, `description`, `content`, `date`) VALUES (177, 6, 'Occaecati porro consequatur labore aperiam.', 'Quaerat aut aspernatur sunt velit nihil nesciunt. Provident reiciendis velit non non beatae. Quibusdam sint exercitationem hic adipisci est eligendi natus.', 'Sit aut iste vel quasi. Magnam et deserunt sint ullam. Occaecati vitae ipsum magnam molestiae consequatur numquam. Aspernatur voluptatem saepe perspiciatis nam.', '1986-07-11');
INSERT INTO `posts` (`id`, `author_id`, `title`, `description`, `content`, `date`) VALUES (178, 7, 'Recusandae voluptate earum aliquid repudiandae voluptas.', 'Eaque esse eos dolorem minima. Atque beatae pariatur rerum quo fuga sed. Vel commodi est animi iste neque. Ab qui culpa et dolorem.', 'Ab qui totam est deleniti cum. Voluptates dolor qui ipsum molestias aut. Quia voluptatibus commodi quod perspiciatis expedita ut quas. Repellat ratione nemo deleniti odio aut quas.', '1977-12-04');
INSERT INTO `posts` (`id`, `author_id`, `title`, `description`, `content`, `date`) VALUES (179, 8, 'Consequatur maxime vel dolor.', 'Iusto et voluptatibus aliquid magnam dolore ex sed. Aperiam et occaecati omnis alias. Magni recusandae quo cum maxime.', 'Ratione voluptas sunt consequatur recusandae necessitatibus enim. Deleniti distinctio dicta aliquid in rerum in. Magnam quas velit voluptas molestiae suscipit. Aut voluptatem blanditiis debitis.', '2006-08-15');
INSERT INTO `posts` (`id`, `author_id`, `title`, `description`, `content`, `date`) VALUES (180, 9, 'In ut deleniti nesciunt.', 'Inventore autem id amet est id aut sunt omnis. Velit dolorem consequatur ut quod iure nobis. Quibusdam in cupiditate aut fugit perferendis. Tempora non eius dolor repudiandae sint cupiditate.', 'Aut et dignissimos ducimus maiores sit. Sunt vero qui eum magni earum. Iure omnis eius qui quidem voluptatibus.', '2009-01-07');
INSERT INTO `posts` (`id`, `author_id`, `title`, `description`, `content`, `date`) VALUES (181, 10, 'Fugit temporibus repellat repellat.', 'Iure sed aut ad aut. Facere natus corporis alias voluptate debitis. Molestiae rem nostrum est dignissimos ut quibusdam nostrum. Et eaque esse cum.', 'Voluptatem ad qui iste. Enim officia cupiditate magnam illo omnis dolorum vitae. Officia veniam aspernatur velit sint.', '2009-02-26');
INSERT INTO `posts` (`id`, `author_id`, `title`, `description`, `content`, `date`) VALUES (182, 11, 'Blanditiis enim maiores atque sed qui cupiditate laboriosam.', 'Expedita quidem occaecati velit dolor. Fugiat enim et velit temporibus quidem adipisci odit dolor. Molestiae est assumenda expedita quo magni nisi.', 'Voluptatem eum officiis itaque maiores quia eos. Aut blanditiis nemo corrupti exercitationem aut sed. Corrupti qui debitis ex molestiae dicta nemo nesciunt.', '1996-06-11');
INSERT INTO `posts` (`id`, `author_id`, `title`, `description`, `content`, `date`) VALUES (183, 12, 'Inventore perferendis quia quis reprehenderit sint cum quas.', 'Voluptatum ut et odit neque voluptatem et quo. Voluptates excepturi iusto dolorum non omnis modi.', 'Ea suscipit quam fugiat aut nulla esse. Corporis rerum possimus quasi omnis eius ea. Id expedita aut blanditiis. Asperiores et aut ducimus quo vel.', '1974-10-30');
INSERT INTO `posts` (`id`, `author_id`, `title`, `description`, `content`, `date`) VALUES (184, 13, 'Qui nihil blanditiis ipsam velit nisi unde laboriosam.', 'Eaque nihil inventore quos a. Eveniet at eos pariatur iure libero omnis ullam. Ex laboriosam vel veritatis natus est facere placeat. Dolore aliquam distinctio vel saepe.', 'Odit nesciunt accusantium omnis asperiores. Aspernatur qui perspiciatis consequuntur architecto. Id qui magni recusandae non. Sint corporis debitis recusandae maiores est.', '1977-11-04');
INSERT INTO `posts` (`id`, `author_id`, `title`, `description`, `content`, `date`) VALUES (185, 14, 'Voluptate nostrum sint saepe ipsum.', 'Accusantium nisi est itaque aut possimus. Nihil beatae velit aliquid repellendus deleniti sit repellat. Ea asperiores voluptas ut illo. Unde fugit et perferendis corrupti quaerat.', 'Deleniti ea aut libero tempore quia soluta quibusdam. Architecto rerum repellendus voluptatem aliquid est consequuntur alias.', '2018-08-06');
INSERT INTO `posts` (`id`, `author_id`, `title`, `description`, `content`, `date`) VALUES (186, 15, 'Ullam expedita odit temporibus omnis ad sint adipisci.', 'Sit et et non numquam. Ut eos repellat amet nostrum aut est illo. Est molestiae consequatur voluptatem sunt id atque. Voluptatum architecto eius eum officiis quis. Enim possimus ut ea ut fuga qui et.', 'Est commodi rerum sed corporis. Rerum occaecati et quia doloribus sit error dolor. Consectetur numquam non in aut dolore quasi.', '2012-05-28');
INSERT INTO `posts` (`id`, `author_id`, `title`, `description`, `content`, `date`) VALUES (187, 16, 'Alias ducimus nihil et aut ipsum earum illo.', 'Incidunt voluptas quos perferendis dolorem perferendis quia. Et sequi eum sed aut sed sit. Dolorem est quos iure atque. Id est sed expedita expedita voluptatum eum.', 'Assumenda quo harum iste et excepturi qui. Ea quam ipsum sit vel. Facilis rerum qui occaecati dolores similique eius eligendi.', '2014-07-29');
INSERT INTO `posts` (`id`, `author_id`, `title`, `description`, `content`, `date`) VALUES (188, 17, 'Quidem nostrum nisi quis praesentium non et.', 'Id ipsa fugiat ut ut officia labore. Esse dolores ut officiis nisi. Aut aut a deleniti ab optio.', 'Dicta rerum adipisci non praesentium. Minus sunt impedit natus quis quis.', '1988-10-13');
INSERT INTO `posts` (`id`, `author_id`, `title`, `description`, `content`, `date`) VALUES (189, 18, 'Suscipit quisquam temporibus reiciendis accusamus commodi quisquam.', 'Harum vero voluptates voluptates magnam repudiandae delectus deserunt. Ea repellat voluptas quo ut. Eligendi quo ullam itaque non quidem.', 'Quia accusantium nemo provident. Nemo eum quos assumenda. Animi natus autem harum deleniti saepe culpa. Placeat hic est tempora ducimus autem dolores dolore est.', '2016-04-14');
INSERT INTO `posts` (`id`, `author_id`, `title`, `description`, `content`, `date`) VALUES (190, 19, 'Voluptatem nulla deserunt quia in.', 'Facilis laudantium iure voluptate rerum autem impedit id. Eius nam quo suscipit non quia voluptatem. Distinctio et praesentium ex.', 'Corrupti sed soluta sit omnis. Deleniti consectetur perspiciatis repellendus fuga magni. Est architecto qui labore totam ut saepe.', '1981-11-07');
INSERT INTO `posts` (`id`, `author_id`, `title`, `description`, `content`, `date`) VALUES (191, 20, 'Autem maiores voluptatum quasi culpa.', 'Repellendus sed enim ipsum repellendus veniam. Quo delectus sint voluptas porro eius molestiae nulla. Voluptatum beatae expedita laudantium velit asperiores qui sit explicabo.', 'Minus quis ut occaecati molestias incidunt eius sequi. Maiores in minus iste quia ex vero enim. Enim nulla quidem explicabo sequi cum. Quos aut ut saepe at expedita a.', '2018-12-08');
INSERT INTO `posts` (`id`, `author_id`, `title`, `description`, `content`, `date`) VALUES (192, 21, 'Ipsam distinctio voluptas molestiae quia.', 'Est quia expedita aliquam suscipit reprehenderit alias. Qui ut exercitationem labore quia itaque.', 'Illum consectetur iusto molestias sint architecto. Et aperiam voluptas qui dicta.\nVel nam aut cumque fugit ex qui et. Quis voluptatem et vel quia.', '1989-01-19');
INSERT INTO `posts` (`id`, `author_id`, `title`, `description`, `content`, `date`) VALUES (193, 22, 'Sunt similique id omnis.', 'Incidunt occaecati est neque voluptatem deserunt delectus cumque. Voluptatum consequatur nihil id corporis. Corporis laborum et quam id nesciunt. Pariatur qui cum dolorum aut amet voluptatem optio.', 'Veritatis quod qui odit vero optio sequi. Deleniti nisi aut voluptatem eligendi. Voluptatum cupiditate dicta molestias ea ipsam natus incidunt.', '1977-07-28');
INSERT INTO `posts` (`id`, `author_id`, `title`, `description`, `content`, `date`) VALUES (194, 23, 'Necessitatibus consequatur velit et ab.', 'Qui placeat rem molestiae ut unde officia. Vel impedit id sed laudantium error ex eum assumenda. At et asperiores pariatur tempore beatae dolore qui sed. Quis saepe dolorem eum perspiciatis.', 'Rerum deserunt ipsa nisi doloribus tempora voluptatibus. Odio rerum ex amet non. Maxime aliquid officiis in molestias vel consequuntur.', '1970-03-17');
INSERT INTO `posts` (`id`, `author_id`, `title`, `description`, `content`, `date`) VALUES (195, 24, 'Fuga nesciunt quo molestiae totam quibusdam perspiciatis dolorem.', 'Voluptatem fugit officia quia accusantium vitae sint. Repellendus eligendi dolorem est et dolor autem nihil.', 'Ad quae eligendi assumenda voluptatem accusantium. Rem et vitae voluptas facere magnam omnis. Non sequi eos delectus consequatur ea et quisquam est. Esse quis in enim quasi.', '1993-01-28');
INSERT INTO `posts` (`id`, `author_id`, `title`, `description`, `content`, `date`) VALUES (196, 25, 'Eius eveniet dicta ut iure deserunt numquam labore nulla.', 'Nisi voluptas molestiae laudantium sint. Repellendus non praesentium doloribus id in voluptatem.', 'Ab nulla error quia totam blanditiis voluptatem. Ipsum incidunt cupiditate nulla autem. Amet consequuntur repudiandae doloribus itaque at quia porro. Necessitatibus hic ad consectetur facilis ipsum.', '2000-05-25');
INSERT INTO `posts` (`id`, `author_id`, `title`, `description`, `content`, `date`) VALUES (197, 26, 'Sit minus earum ad debitis.', 'Consequatur earum voluptate doloribus voluptatibus fuga nobis. Eum facere velit sunt cum perspiciatis. Eaque velit perferendis non similique quam. Voluptatem numquam vitae repellat fugiat sapiente aliquam eos.', 'Odio occaecati rerum dolores excepturi aut repellendus. Velit consequuntur est sed facilis. Qui optio reiciendis quisquam.', '2005-06-18');
INSERT INTO `posts` (`id`, `author_id`, `title`, `description`, `content`, `date`) VALUES (198, 27, 'Veritatis excepturi at reiciendis est fugit et.', 'Minima laboriosam ullam cumque iste sed quisquam. Cum et illo omnis consectetur nisi. Quia sint qui sunt qui.', 'Excepturi corrupti perspiciatis tempora illo reiciendis in. Inventore omnis omnis sed explicabo aut consequatur tempore omnis. Quidem quia eaque illum aut dolore.', '2004-07-12');
INSERT INTO `posts` (`id`, `author_id`, `title`, `description`, `content`, `date`) VALUES (199, 28, 'Molestias et autem consequatur eos porro soluta.', 'Ut sed sed nemo dolore. Omnis non aut ut. Rem unde voluptas laboriosam asperiores vero voluptatem porro facere. Sit culpa pariatur adipisci expedita nemo repellat earum.', 'Natus pariatur quia incidunt minus impedit. Sit minima quis excepturi vero et. Necessitatibus explicabo modi at maxime rerum. Rerum quaerat odit officia quidem.', '1980-08-20');
INSERT INTO `posts` (`id`, `author_id`, `title`, `description`, `content`, `date`) VALUES (200, 29, 'Odit eligendi porro voluptas voluptas.', 'Sed esse asperiores non doloribus quas quis. Iusto eos officia error quis saepe voluptatem in. Inventore est ducimus necessitatibus sunt consequatur possimus enim.', 'Magnam suscipit harum enim. Eum aut ex explicabo expedita et. Similique enim ad aliquam et unde cum hic. Consequuntur exercitationem accusamus harum quia.', '1975-09-21');
INSERT INTO `posts` (`id`, `author_id`, `title`, `description`, `content`, `date`) VALUES (201, 30, 'Ipsa et aut cum est aliquam quaerat.', 'Veniam voluptas eaque deleniti. Minima est ea et vero molestias id deserunt ut. Aliquid rerum qui asperiores nesciunt. Asperiores atque qui fuga ut provident earum.', 'Ducimus non illo quaerat illo ut adipisci laudantium aut. Asperiores sint doloremque recusandae omnis. Sint eum ad quisquam natus exercitationem laboriosam. Voluptatum architecto ab non sed et nihil.', '1972-05-04');
INSERT INTO `posts` (`id`, `author_id`, `title`, `description`, `content`, `date`) VALUES (202, 31, 'Non et quia consequatur doloremque velit.', 'Rem dolores ipsa quo enim perferendis. Nemo maiores id et eius velit sint.', 'Ipsam fugiat cumque voluptatibus est illum. Pariatur itaque voluptates qui officiis veniam inventore occaecati. Ullam et temporibus molestias et cupiditate rerum. Id quod nobis natus quia ullam quae.', '2019-01-29');
INSERT INTO `posts` (`id`, `author_id`, `title`, `description`, `content`, `date`) VALUES (203, 32, 'Eum porro exercitationem id enim repudiandae eligendi.', 'Et aliquam in sed ipsa qui qui enim. Voluptates minus eligendi omnis ut consequatur. Qui sed laudantium architecto dolorum ut saepe. Pariatur fugit rerum tempore neque. Commodi dolores nesciunt reprehenderit dolore nemo quisquam cum itaque.', 'Sit earum alias aut voluptatibus. Esse veritatis iure enim ullam. Dolorem est est at tempore enim id debitis.', '2005-05-05');
INSERT INTO `posts` (`id`, `author_id`, `title`, `description`, `content`, `date`) VALUES (204, 33, 'Aliquam perferendis odio numquam saepe occaecati.', 'Laboriosam debitis ut tenetur expedita assumenda dolores. Architecto laudantium dolores voluptas illo. Quam et illum velit quidem. Iure quia distinctio numquam et.', 'Saepe ex adipisci ad. Eaque nobis recusandae repellendus nesciunt ut sed voluptas. Et aut dolores non deleniti voluptatem quia. Repudiandae accusamus iusto excepturi est voluptatem itaque possimus.', '1986-11-16');
INSERT INTO `posts` (`id`, `author_id`, `title`, `description`, `content`, `date`) VALUES (205, 34, 'Sit sint dignissimos qui atque error.', 'Repudiandae quae et aut et at quia quia dolorum. Et sint asperiores adipisci amet ex perferendis. Recusandae ea repellat voluptas iusto sunt.', 'Fugit quia eum animi temporibus incidunt placeat aspernatur. Odio incidunt harum qui libero. Illo sed et veritatis omnis facere est. Aut qui ratione distinctio cumque.', '1992-03-26');
INSERT INTO `posts` (`id`, `author_id`, `title`, `description`, `content`, `date`) VALUES (206, 35, 'Ad iusto reiciendis quia accusantium ducimus voluptatibus.', 'Illum ea itaque occaecati aperiam laudantium. Harum id labore enim. Dolores sed consequatur atque repellendus eaque repellendus quo.', 'Impedit ut maxime cumque minus. Qui architecto labore architecto hic aliquid. Exercitationem ipsa autem beatae rerum ut tempore.', '2000-02-18');
INSERT INTO `posts` (`id`, `author_id`, `title`, `description`, `content`, `date`) VALUES (207, 36, 'Non dignissimos et modi libero dolores fugiat error.', 'Quae labore et incidunt facere non enim. Occaecati et dolor incidunt voluptatum quo. Eum ipsum sint nemo temporibus voluptas quod et natus.', 'Quo rerum omnis ipsam fuga rerum. Quia quam harum saepe alias minus. Omnis enim quis quo laboriosam vero culpa omnis.', '2018-12-22');
INSERT INTO `posts` (`id`, `author_id`, `title`, `description`, `content`, `date`) VALUES (208, 37, 'Aut minus est inventore nam.', 'Veritatis mollitia consequatur consectetur. Sunt suscipit ut velit in maxime quis eos. Incidunt quae aut exercitationem odit hic sit id. Aspernatur omnis architecto et est alias et aut et.', 'Mollitia vero sit iusto qui et. Et iusto iure earum numquam. Nobis minus dolore ut eius accusantium rem vitae. Voluptas doloremque eos ut sunt voluptatibus laudantium.', '1987-04-21');
INSERT INTO `posts` (`id`, `author_id`, `title`, `description`, `content`, `date`) VALUES (209, 38, 'Tempora velit at dignissimos et error reiciendis.', 'Officia aperiam suscipit molestiae expedita harum. Aut officia animi esse. Exercitationem ratione delectus ut qui quis molestiae voluptatem. Laboriosam voluptatum fugit impedit et. Dignissimos eos incidunt placeat quia autem.', 'Nam deserunt corporis vel occaecati. Soluta rerum optio aliquid sed aut quod nostrum. Et sed illo dicta et est. Fuga dolor quia aut pariatur.', '2014-10-14');
INSERT INTO `posts` (`id`, `author_id`, `title`, `description`, `content`, `date`) VALUES (210, 39, 'Quaerat consequuntur aut et sit ducimus.', 'Corporis quos ad odio at. Officiis sunt laboriosam expedita dicta eveniet natus voluptas. Esse velit corporis sint. Beatae nemo rerum error reiciendis.', 'Vitae sed sapiente est. Tempora ullam qui ut. Est facere quis autem explicabo eum.', '1990-03-13');
INSERT INTO `posts` (`id`, `author_id`, `title`, `description`, `content`, `date`) VALUES (211, 40, 'Earum et cumque illum et sit aspernatur.', 'Soluta sed est omnis iusto. Voluptatum fuga sint voluptatem et animi esse. Quam debitis voluptates iste voluptatem. Quos aut fuga quod minus itaque soluta.', 'Architecto dolorem quaerat et autem dolor. At quod voluptatum assumenda repellat quibusdam aliquam. Possimus rerum sequi eum quidem ab veritatis enim. Voluptate dolor culpa sapiente accusantium ea.', '1975-06-28');
INSERT INTO `posts` (`id`, `author_id`, `title`, `description`, `content`, `date`) VALUES (212, 41, 'Deserunt cumque et eum nobis tenetur.', 'Quo provident magni amet saepe voluptatibus. Aperiam qui architecto est. Aliquid expedita magnam perferendis quo accusamus et dolore.', 'Et laudantium sunt quaerat aut. Iusto assumenda sint et nam. Enim eos labore qui aut. Officia delectus accusantium sapiente repudiandae.', '2009-05-02');
INSERT INTO `posts` (`id`, `author_id`, `title`, `description`, `content`, `date`) VALUES (213, 42, 'Id maxime suscipit et odio maxime at.', 'Debitis quidem voluptatem voluptas necessitatibus. Atque eum dicta autem officia veritatis. Quis molestias aspernatur deleniti quod ratione ullam nobis a. Et est culpa beatae quisquam.', 'Voluptatem porro ullam qui quia sed. Deleniti architecto et commodi amet porro aliquam est sit. Voluptas hic maxime reiciendis ab. Labore pariatur aut eligendi est est.', '1991-06-20');
INSERT INTO `posts` (`id`, `author_id`, `title`, `description`, `content`, `date`) VALUES (214, 43, 'Qui quis quo ut maxime omnis.', 'Asperiores earum exercitationem nostrum dolore quia dolorem. Culpa harum excepturi nemo. Est consequuntur minima facere iure. Repudiandae expedita quibusdam earum qui aut.', 'Iusto cupiditate sed ea est. Sunt recusandae est quia veritatis est voluptatibus. Dolorem cumque perferendis officia maxime fuga voluptates mollitia.', '1991-07-14');
INSERT INTO `posts` (`id`, `author_id`, `title`, `description`, `content`, `date`) VALUES (215, 44, 'Ad deleniti est est.', 'Explicabo quia a et alias placeat dolorum inventore. Ea autem amet dolores sit quisquam accusamus laudantium. Sapiente saepe tempore aut dolores harum ea.', 'Debitis et dicta ab beatae corrupti commodi magni. Ut facilis blanditiis corporis officiis. Facilis corporis autem officiis quae exercitationem.', '1992-12-15');
INSERT INTO `posts` (`id`, `author_id`, `title`, `description`, `content`, `date`) VALUES (216, 45, 'Necessitatibus quis laboriosam voluptatem quos.', 'Deserunt et corporis perspiciatis aut dolorem. Error molestiae qui est nam et unde quae. Necessitatibus deserunt est deserunt expedita recusandae. Dolor sit et at et sed ad laudantium.', 'Rem adipisci repellendus et. Consequatur quidem dolores facilis quam. Delectus dolore id atque ad non quaerat recusandae tempore.', '2019-02-19');
INSERT INTO `posts` (`id`, `author_id`, `title`, `description`, `content`, `date`) VALUES (217, 46, 'Quae placeat impedit sed cumque est fuga voluptatum.', 'Ea illum sunt sit optio aut neque perferendis. Magni accusamus architecto atque animi consequuntur dignissimos porro.', 'Autem quidem eos et quo a reprehenderit. Velit quia magni repudiandae voluptas. Mollitia neque omnis esse minus fugiat quia.', '1985-08-27');
INSERT INTO `posts` (`id`, `author_id`, `title`, `description`, `content`, `date`) VALUES (218, 47, 'Placeat dolor fuga necessitatibus asperiores aut aut.', 'Minima quo eaque et vel. Nihil hic ut dolores at. Qui suscipit id adipisci accusamus. Et dolores aut accusamus voluptatem fugiat est repellat.', 'Inventore officia animi ex omnis rem in. Laborum hic aut nam eum enim aut saepe.\nEst et beatae soluta. Alias voluptatem dolorum dignissimos ex sint quis rerum.', '1977-10-30');
INSERT INTO `posts` (`id`, `author_id`, `title`, `description`, `content`, `date`) VALUES (219, 48, 'Sed omnis aut quibusdam nostrum officiis quia.', 'Ex autem ea labore illum error numquam. Deleniti sed nisi ipsum at perspiciatis sequi labore. Voluptas dignissimos itaque suscipit hic ex at. Id delectus voluptatibus omnis.', 'Animi et sunt et quisquam esse tempore architecto. Quis adipisci et alias quis quaerat molestias. Odit dolor eaque esse hic vel nemo quas. Rerum distinctio repellendus qui dignissimos.', '1992-12-21');
INSERT INTO `posts` (`id`, `author_id`, `title`, `description`, `content`, `date`) VALUES (220, 49, 'Quaerat quo repellendus molestiae inventore exercitationem aut.', 'Iure vero odit voluptatem. Consequatur molestias quia ut autem. Dignissimos minus velit qui.', 'Eaque velit maxime at. Ea quo accusamus consequuntur aut delectus et exercitationem. Quidem non voluptate quia aliquam dolorum.', '1972-10-14');
INSERT INTO `posts` (`id`, `author_id`, `title`, `description`, `content`, `date`) VALUES (221, 50, 'Voluptas labore nemo ipsa qui.', 'Libero beatae voluptas mollitia illum aut eos assumenda. Recusandae quia ratione amet aliquid sint. Assumenda nisi consequuntur ducimus et hic. Porro explicabo placeat laboriosam itaque.', 'Est sed vel consectetur. Sint molestiae in aliquid consectetur ea. Similique doloribus perspiciatis consequuntur aspernatur impedit id. Quidem doloremque incidunt maiores dignissimos et nam quia ex.', '2010-09-10');
INSERT INTO `posts` (`id`, `author_id`, `title`, `description`, `content`, `date`) VALUES (222, 51, 'Et sint corrupti explicabo ullam non.', 'Perspiciatis ut fuga quia neque a consequatur. Facere est aut culpa iusto. Fugiat delectus molestiae dolores eius. Quae dolor laudantium hic ut.', 'Quidem iure explicabo et rerum sed dolor nisi. Quam iusto sint sint exercitationem. Molestiae iste eum et non eum corporis. Et debitis nulla ut ea eaque rem harum explicabo.', '2016-02-05');
INSERT INTO `posts` (`id`, `author_id`, `title`, `description`, `content`, `date`) VALUES (223, 52, 'Cupiditate est maxime incidunt explicabo necessitatibus enim veniam.', 'Et repudiandae quo doloremque voluptate. Aspernatur vel veritatis dolores sit ut. Voluptatem blanditiis atque nemo impedit odit pariatur facere in. Quae et consequatur debitis sint qui.', 'Possimus ratione amet quae id. Blanditiis incidunt aut laborum. Doloremque fugiat ipsum laudantium dicta recusandae officia. Laborum sit laudantium ea alias tenetur omnis.', '1977-11-12');
INSERT INTO `posts` (`id`, `author_id`, `title`, `description`, `content`, `date`) VALUES (224, 53, 'Eius beatae nemo quibusdam assumenda.', 'Vel voluptas delectus ea sunt. Rem magnam vel ducimus. Alias illum alias suscipit.', 'Molestiae sint vel pariatur facilis et. Pariatur aut magni et nesciunt doloribus. Dolorum eos totam assumenda quod veritatis. Est voluptas voluptatum reiciendis harum porro asperiores.', '2001-11-16');
INSERT INTO `posts` (`id`, `author_id`, `title`, `description`, `content`, `date`) VALUES (225, 54, 'Odio necessitatibus voluptate amet non ea.', 'Vel commodi quam atque ad quo. Molestiae officia sequi culpa aspernatur sed.', 'Saepe ut quibusdam ut facere accusamus mollitia cupiditate. Necessitatibus temporibus sapiente soluta illum laboriosam. At dolorem reprehenderit consequatur consectetur neque.', '2016-10-31');
INSERT INTO `posts` (`id`, `author_id`, `title`, `description`, `content`, `date`) VALUES (226, 55, 'Iusto consequuntur ducimus temporibus ullam impedit cumque quidem.', 'Dolorum pariatur quo non voluptatem occaecati. Ab quia et ratione ea. Eligendi odit inventore porro omnis non dolore alias.', 'Quidem quas cupiditate consequatur adipisci. Et dolores laborum mollitia iste tempore debitis non. Et assumenda illo tenetur illum quia. Et qui et ut velit dolores non. Qui magni tempora illum.', '1998-06-10');
INSERT INTO `posts` (`id`, `author_id`, `title`, `description`, `content`, `date`) VALUES (227, 56, 'Ea tempore pariatur ut dolorem omnis ullam qui a.', 'Soluta exercitationem nihil ut quaerat et iusto fugit. Ex non alias ut corporis est quaerat aliquam. Ut ratione eaque soluta animi.', 'Omnis molestiae dignissimos amet quos. Libero aliquam ab ut enim sed. Velit aut nulla commodi quo provident autem. Iusto enim quaerat est.', '1970-03-31');
INSERT INTO `posts` (`id`, `author_id`, `title`, `description`, `content`, `date`) VALUES (228, 57, 'Distinctio laboriosam illo qui voluptas.', 'Molestiae unde non est inventore nemo aut. Et impedit numquam fugiat. Magni eum eum dolorum at amet amet nisi. Adipisci corporis sed corporis suscipit nulla qui.', 'Est nesciunt alias est dolor labore ut quisquam. Praesentium doloribus rem exercitationem illo facere. Aut ut temporibus aspernatur et voluptas et aut. Animi voluptatem quisquam laboriosam.', '1979-01-04');
INSERT INTO `posts` (`id`, `author_id`, `title`, `description`, `content`, `date`) VALUES (229, 1, 'Amet quia omnis dolor officiis modi quasi.', 'Nihil ut recusandae ipsa enim laboriosam. Optio debitis voluptatem reiciendis enim officia. Pariatur cum ipsum vel nesciunt. Voluptatibus excepturi doloribus ipsum aut. Odit ipsa eum molestiae.', 'Facilis est voluptatem quia et. Sunt aliquam aut accusantium consequatur amet. Et eum vel quo. Fugit ex eum blanditiis.', '2007-11-09');
INSERT INTO `posts` (`id`, `author_id`, `title`, `description`, `content`, `date`) VALUES (230, 2, 'Sed eius minus quis illum minus voluptatibus.', 'Officiis labore iusto temporibus et cumque est nisi soluta. Voluptatum odit laudantium nesciunt velit.', 'Rerum soluta molestiae illo. Eum ea non soluta accusamus possimus. Molestiae ullam sunt esse ut non. Cumque architecto molestiae consequatur qui enim assumenda.', '2006-03-14');
INSERT INTO `posts` (`id`, `author_id`, `title`, `description`, `content`, `date`) VALUES (231, 3, 'Veniam quos vitae vitae nisi mollitia qui odit quas.', 'Itaque placeat deserunt nihil earum qui. Sit ut voluptatum eligendi veritatis cumque nulla incidunt. Facilis odit ipsam est possimus debitis.', 'Dolores accusantium ut aut dolorem enim non sint consectetur. Accusantium eligendi eum et et praesentium. Dolores qui ut perferendis et nisi sed quia.', '1992-05-22');
INSERT INTO `posts` (`id`, `author_id`, `title`, `description`, `content`, `date`) VALUES (232, 4, 'Porro qui ut perferendis temporibus voluptatem quo occaecati.', 'Et amet aperiam ex facilis libero commodi. Suscipit eos voluptate neque error dolores. Earum dolorem dolor non quidem. Et est numquam nihil velit aut amet ut.', 'Similique id ullam nihil officia. Facere nemo consequatur nesciunt facere maiores repudiandae. Magni sed expedita quidem neque.', '1999-09-14');
INSERT INTO `posts` (`id`, `author_id`, `title`, `description`, `content`, `date`) VALUES (233, 5, 'Sunt est mollitia ut.', 'Veniam ratione sequi autem voluptas adipisci excepturi in. Possimus quibusdam rerum minus ad laudantium est. Voluptatum ipsa eos esse est dicta. Repellat temporibus odio quos libero repudiandae dolorum cumque.', 'Accusantium itaque et officiis aut eum aliquam. Voluptatem dignissimos magnam in esse. Minima fuga aperiam et quasi.', '2008-12-26');
INSERT INTO `posts` (`id`, `author_id`, `title`, `description`, `content`, `date`) VALUES (234, 6, 'Odit tempora et non culpa aut sed qui et.', 'Facilis ipsam dolor quidem sit et molestias rerum. Libero qui quisquam omnis praesentium inventore. Temporibus est sint corporis asperiores expedita sunt rerum distinctio. Totam cupiditate exercitationem non nostrum aut et.', 'Quia soluta ab ab id inventore nesciunt. Recusandae aperiam dolorem neque minima reprehenderit quia qui magni. Omnis dolorem omnis sed et aut hic. Voluptatem quaerat est consequuntur.', '2002-05-12');
INSERT INTO `posts` (`id`, `author_id`, `title`, `description`, `content`, `date`) VALUES (235, 7, 'Voluptas ullam sunt illo nihil aperiam rem et.', 'Neque nemo omnis ut iusto. Iste distinctio aperiam porro voluptatem autem libero esse. Officiis officia et et commodi quos veritatis autem sit.', 'Libero repellendus architecto similique velit. Nam voluptas eum eos eius magni. Omnis sunt et ab est dolor aliquid.', '1982-10-18');
INSERT INTO `posts` (`id`, `author_id`, `title`, `description`, `content`, `date`) VALUES (236, 8, 'Reprehenderit atque rerum aspernatur omnis.', 'Velit expedita odio minus velit. Dolorum est est quaerat aut exercitationem. Sunt explicabo iure nihil repellendus labore. Eum reprehenderit modi rerum architecto omnis.', 'Pariatur aut ut sequi nisi. Consectetur consequuntur nemo sint autem. Dolores deserunt cumque blanditiis necessitatibus eligendi fugiat. Sit earum voluptas praesentium dolores.', '2019-03-27');
INSERT INTO `posts` (`id`, `author_id`, `title`, `description`, `content`, `date`) VALUES (237, 9, 'Ut sint ducimus recusandae nostrum beatae id.', 'Quia ratione hic consequuntur corrupti eum esse magni. Eius quaerat illo laudantium impedit repellat illum et. Eos eum natus id asperiores.', 'Esse deserunt voluptatem neque esse. Dolore ea qui mollitia vel sint ut similique quas.', '1976-07-31');
INSERT INTO `posts` (`id`, `author_id`, `title`, `description`, `content`, `date`) VALUES (238, 10, 'Ex ipsum quis unde quis.', 'Illum assumenda qui nihil ipsam facere. Tempore pariatur quia odio sapiente illum sapiente itaque. Quia accusantium maxime ut eum aut incidunt facilis reiciendis.', 'Temporibus aspernatur voluptas et. Sapiente explicabo aperiam et quia. Atque sed libero vel veniam. Ut minus molestiae a nostrum.', '2013-07-29');
INSERT INTO `posts` (`id`, `author_id`, `title`, `description`, `content`, `date`) VALUES (239, 11, 'Qui molestias esse quibusdam maiores.', 'Dolores eveniet facilis et iusto aut. Magnam consequatur et impedit. At dolorem saepe quod quasi harum voluptate. Aut deserunt nisi ut sunt. Magni harum aliquid consequatur similique qui.', 'Inventore perferendis nihil cum. Ullam vero ratione voluptas nihil nihil quia odio. Libero natus inventore deserunt culpa sit aperiam.', '1994-01-23');
INSERT INTO `posts` (`id`, `author_id`, `title`, `description`, `content`, `date`) VALUES (240, 12, 'Nobis voluptatum aut ducimus.', 'Id quia omnis culpa qui quia ratione minus. Voluptatem sit hic ducimus. Quis voluptates quo accusantium ut. Et quos vel distinctio quia similique repellendus.', 'Ea id expedita quas deserunt quis ea quia. Aut atque voluptatem saepe ad voluptatem. Voluptas dolores neque ipsum omnis eos itaque. Quis non numquam quidem nihil.', '2009-07-13');
INSERT INTO `posts` (`id`, `author_id`, `title`, `description`, `content`, `date`) VALUES (241, 13, 'Unde necessitatibus quo dolorem voluptas nobis libero amet.', 'Est quos quidem consequuntur iste perspiciatis placeat suscipit. Esse quo blanditiis quis aliquam ipsa.', 'Blanditiis culpa aut dolorem accusamus quaerat ducimus. Architecto quos vel consectetur ex. Molestias molestias sit quaerat at ratione sed sed. Eaque non reiciendis voluptatem illum.', '2020-07-18');
INSERT INTO `posts` (`id`, `author_id`, `title`, `description`, `content`, `date`) VALUES (242, 14, 'Adipisci quo aut ad.', 'Dolorem quidem nisi unde dolorem voluptas temporibus omnis. Fugit ipsa inventore modi. Doloribus asperiores aut sed explicabo animi. Tempora et et dolores fugiat totam provident vero. Vero vel quia sit et voluptatem rerum nemo nulla.', 'Eos cum sequi vitae. Fuga aut doloribus rerum adipisci nihil. Et aliquid natus quo earum unde totam tempore. Similique aut modi deleniti et id ut.', '1988-09-26');
INSERT INTO `posts` (`id`, `author_id`, `title`, `description`, `content`, `date`) VALUES (243, 15, 'Fugit sit labore sed voluptates rerum.', 'Aut fugiat vel fuga nam voluptas. Rerum aliquam minus quia consequatur ex optio.', 'Voluptates expedita inventore enim laboriosam ipsum. Recusandae pariatur delectus et debitis at dolorum. Id beatae enim impedit molestias.', '1994-04-18');
INSERT INTO `posts` (`id`, `author_id`, `title`, `description`, `content`, `date`) VALUES (244, 16, 'Eum quidem rerum laboriosam eum suscipit.', 'Reprehenderit ut quibusdam praesentium eos officia impedit ipsum. Veritatis optio dolorem reiciendis voluptate laboriosam aut modi.', 'Autem sit modi dolore officia dolor. Iure ea modi quod vitae qui et eum neque. Natus ipsam quo quo. Et quis et quia et suscipit laboriosam.', '2004-12-17');
INSERT INTO `posts` (`id`, `author_id`, `title`, `description`, `content`, `date`) VALUES (245, 17, 'Laborum aperiam distinctio voluptatibus provident.', 'Blanditiis odio aut dolores. Quia animi eaque cum debitis. Ut eos aut reprehenderit vero nihil id voluptatum enim. Dolore et impedit sequi alias.', 'Voluptatem aut dolorem quidem atque. Veritatis voluptate cumque qui laboriosam sapiente mollitia quos nobis. Suscipit et velit ut cupiditate in.', '1985-12-26');
INSERT INTO `posts` (`id`, `author_id`, `title`, `description`, `content`, `date`) VALUES (246, 18, 'Dicta et est omnis ut.', 'Omnis explicabo ut numquam ut dolorum. Ut et excepturi vel omnis officiis ipsa.', 'Deleniti nemo tempore molestiae eos facere maxime quasi velit. Quisquam qui corrupti ipsum voluptas vitae magni libero error.', '1990-05-28');
INSERT INTO `posts` (`id`, `author_id`, `title`, `description`, `content`, `date`) VALUES (247, 19, 'Et pariatur dignissimos deleniti voluptates nemo ad et ut.', 'Dicta magnam fuga fuga voluptatibus. Ut non blanditiis et atque aut est nostrum et. Repellat explicabo voluptatem facere eius minima ipsa ut.', 'Et minus facilis nulla ducimus. Minima fuga rerum quo in voluptas mollitia. Aut sapiente ut doloremque non. Sint consequatur tempore quaerat et quaerat earum laborum.', '2000-06-05');
INSERT INTO `posts` (`id`, `author_id`, `title`, `description`, `content`, `date`) VALUES (248, 20, 'Cupiditate voluptatem veritatis ipsum ducimus molestiae.', 'Provident nulla voluptatem perspiciatis ipsum. Tempora porro autem illum recusandae natus ipsa. Veniam voluptatem quibusdam quas dolore.', 'Aut in provident laboriosam fuga. Fugit reiciendis unde distinctio quisquam perferendis non. Nihil enim eos nemo.', '2018-06-08');
INSERT INTO `posts` (`id`, `author_id`, `title`, `description`, `content`, `date`) VALUES (249, 21, 'Voluptas iste in consequatur dicta pariatur eaque.', 'Nostrum voluptates aut voluptatem dolores dolorem. Quia impedit odio ab maxime atque reiciendis quis consequatur. Tempore sunt quam ea eos eveniet omnis amet.', 'Illum sit earum sunt doloremque officia. Aliquid et ipsam qui non magnam sit. Voluptatem at ipsam ad sit.', '2018-12-20');
INSERT INTO `posts` (`id`, `author_id`, `title`, `description`, `content`, `date`) VALUES (250, 22, 'Natus eos ipsam omnis.', 'Id repellat ut minima vitae id dolorum. Molestiae et nobis natus et.', 'Neque numquam iusto dolorem voluptate dolor similique aut est. Neque nihil id nostrum explicabo quam. Aut quia voluptas omnis aut eveniet aut.', '1979-09-06');
INSERT INTO `posts` (`id`, `author_id`, `title`, `description`, `content`, `date`) VALUES (251, 23, 'Velit facere eligendi quos soluta illum id neque.', 'Facere debitis explicabo molestias eligendi harum. Ipsa doloremque autem nostrum sit ut quo laudantium. Eos explicabo temporibus sit eligendi rerum quaerat. Deserunt sed quia rerum magni exercitationem quis.', 'Quae qui mollitia accusamus doloribus. Quibusdam omnis ad est mollitia consectetur autem ea quod. Consequatur necessitatibus earum et officia culpa rerum quae quo.', '2004-01-21');
INSERT INTO `posts` (`id`, `author_id`, `title`, `description`, `content`, `date`) VALUES (252, 24, 'Magni qui est voluptas et excepturi ea.', 'Alias architecto unde dolor deleniti. Autem exercitationem et est pariatur. Voluptas beatae sapiente quaerat aperiam.', 'Aliquam quod nemo doloribus impedit qui non quia vel. Non sed reiciendis voluptates aut maxime. Assumenda assumenda ex optio itaque.', '1981-12-26');
INSERT INTO `posts` (`id`, `author_id`, `title`, `description`, `content`, `date`) VALUES (253, 25, 'Est aspernatur minima doloremque.', 'Numquam laudantium voluptates et nisi rerum dicta omnis. Eos enim aperiam porro nam nobis quo quis. Autem soluta sunt praesentium. Labore a quos fugiat animi cumque ut quia et.', 'Ratione unde ratione et debitis impedit facere. Sint exercitationem expedita ut. Laborum consequatur est eum aspernatur amet.', '1995-12-16');
INSERT INTO `posts` (`id`, `author_id`, `title`, `description`, `content`, `date`) VALUES (254, 26, 'Ipsum sint assumenda at.', 'Placeat quaerat commodi rerum eveniet. Earum enim soluta autem debitis ab quia dolorem. Fugiat autem nulla quia distinctio deleniti quidem. Ea consequatur eaque dolor aut deleniti nostrum necessitatibus.', 'Harum quia dolore pariatur eius. Architecto sed rerum aut mollitia est aspernatur. Est et et et dolor. Dolor officia illum aperiam asperiores assumenda ut sequi quos.', '1977-06-29');
INSERT INTO `posts` (`id`, `author_id`, `title`, `description`, `content`, `date`) VALUES (255, 27, 'At quae quos dignissimos ut.', 'Aliquid eum totam sed doloribus placeat consequatur. Quia quidem sit labore non omnis.', 'Quia ea ut consequatur minus aut nesciunt. Distinctio aperiam hic sint velit quas omnis officia beatae. Magnam saepe voluptatem ratione quo consequatur harum vel voluptatibus.', '1992-01-12');
INSERT INTO `posts` (`id`, `author_id`, `title`, `description`, `content`, `date`) VALUES (256, 28, 'Perspiciatis quia unde non eum neque vel ut iure.', 'Est laborum inventore eum accusantium possimus perspiciatis quia omnis. Fugiat earum sequi quia ut libero. Esse alias est tempore numquam voluptates odit et.', 'Cupiditate qui quam ullam quis rerum blanditiis earum. Ullam vero consequuntur ut vel quam. Eveniet ipsum ratione et sequi sapiente ducimus.', '2003-12-10');
INSERT INTO `posts` (`id`, `author_id`, `title`, `description`, `content`, `date`) VALUES (257, 29, 'Vel nihil nulla molestiae et omnis.', 'Asperiores itaque at minima sapiente. Nihil tenetur dolor modi. Ut quos a enim a id fuga excepturi. Voluptatem fuga dicta rerum.', 'Qui id aliquam aut quia veritatis qui. Quia nostrum non eaque quis eaque minus officiis quis. Ut quo atque voluptas voluptatem culpa. Blanditiis sed aut sequi iure optio aut veniam.', '1985-03-12');
INSERT INTO `posts` (`id`, `author_id`, `title`, `description`, `content`, `date`) VALUES (258, 30, 'Tenetur qui nobis consequatur illo.', 'Consectetur fugiat fugit architecto cum. Et harum eius doloremque et numquam veritatis. Ut sapiente temporibus eos voluptatem quis exercitationem. Impedit officia pariatur ipsum et nam fugit.', 'Nihil ipsum quo est architecto qui. Similique voluptas impedit voluptatem explicabo natus quo. Numquam eius vel fugit rem eveniet.', '1986-05-30');
INSERT INTO `posts` (`id`, `author_id`, `title`, `description`, `content`, `date`) VALUES (259, 31, 'Qui commodi at doloribus ipsam.', 'Reiciendis corporis exercitationem iure est unde quis. Deserunt totam nihil odit tempora dignissimos illo. Maxime provident molestiae dolorum qui amet maxime molestias. Et laborum vel numquam et quos aut aut aliquam. Minus rerum laborum ea sequi ut veritatis error.', 'Sunt cupiditate eius nemo nihil molestiae. Dolor quo reprehenderit veniam sed. Tempora dolor possimus atque similique corporis doloremque.', '2008-02-22');
INSERT INTO `posts` (`id`, `author_id`, `title`, `description`, `content`, `date`) VALUES (260, 32, 'Est eos provident perspiciatis est sit officia.', 'Autem occaecati eius assumenda cum. Nihil non maxime esse esse repellat porro voluptas cumque. Sint quos est recusandae perspiciatis optio minus non et. Eveniet ut dolores voluptas quod nulla molestiae totam.', 'Possimus inventore sint voluptates iusto. Error explicabo maiores ut neque suscipit nobis voluptatem.', '1981-08-04');
INSERT INTO `posts` (`id`, `author_id`, `title`, `description`, `content`, `date`) VALUES (261, 33, 'Illum dicta totam consectetur.', 'Qui sed saepe aspernatur inventore hic veritatis. Quaerat ea tempore inventore nesciunt enim. Non eius voluptatum ut similique delectus. Excepturi et officiis eum recusandae saepe. Sequi recusandae ipsam architecto aperiam.', 'Magnam velit magni consequuntur. Autem porro aperiam sit facere suscipit aut. Voluptas molestiae at delectus et. Ut voluptatibus laboriosam repellat odio officia molestiae eos.', '1992-07-15');
INSERT INTO `posts` (`id`, `author_id`, `title`, `description`, `content`, `date`) VALUES (262, 34, 'Possimus consequatur voluptates ea quas exercitationem fugiat sed.', 'Quia distinctio placeat facilis aut molestias saepe voluptas quos. Vero quaerat voluptas magni ad nostrum doloribus. Laboriosam nulla alias blanditiis placeat doloremque corporis. Mollitia et fugit soluta et explicabo assumenda ut.', 'Rerum vero quos et ea eum officia. Autem consequatur delectus et quasi. Ea ut sint magnam voluptatem neque eos. Autem odit adipisci et aliquam voluptatem qui.', '1984-11-14');
INSERT INTO `posts` (`id`, `author_id`, `title`, `description`, `content`, `date`) VALUES (263, 35, 'Qui labore sit recusandae dignissimos illum sed.', 'Et sapiente quo delectus quae. In expedita voluptatibus doloremque quia nobis voluptatem. Vel non deleniti commodi nisi. Excepturi molestiae dolorem dicta.', 'Rerum esse voluptas maiores illum cupiditate autem qui molestiae. Eaque numquam veritatis ipsa. Molestiae quo asperiores aut nihil similique. Tempora qui possimus culpa autem.', '1996-12-08');
INSERT INTO `posts` (`id`, `author_id`, `title`, `description`, `content`, `date`) VALUES (264, 36, 'Et non quasi et a molestiae.', 'Magni et qui voluptatem voluptatum similique nostrum recusandae. Quaerat ducimus adipisci vel itaque et. Dolores et et dolores consequatur distinctio.', 'Commodi porro magnam praesentium nemo rerum odio sit. Est fugit recusandae suscipit et explicabo exercitationem.\nMollitia velit qui ab. Accusamus minus nam molestias tempore aperiam et.', '1999-07-21');
INSERT INTO `posts` (`id`, `author_id`, `title`, `description`, `content`, `date`) VALUES (265, 37, 'Ratione quia sapiente voluptatem in sint incidunt.', 'Ratione quis blanditiis incidunt officiis. Totam voluptatem tempora est libero. Temporibus rem accusantium doloremque dolor culpa libero. Accusantium sit ab nemo quidem soluta quidem in.', 'Sed labore tempora iusto harum qui accusantium. Officia suscipit architecto omnis nihil. Repellat consequuntur a ipsam non et voluptatem facilis. Vitae sint hic nesciunt aut voluptate sapiente ab.', '2007-08-30');
INSERT INTO `posts` (`id`, `author_id`, `title`, `description`, `content`, `date`) VALUES (266, 38, 'Placeat molestias dolor quaerat ut aut voluptatem soluta.', 'Ut non quia minima ut error. Vel omnis atque et sequi. Totam dolorum atque id inventore non soluta similique.', 'Unde recusandae autem earum rerum. Magnam autem doloribus delectus et. Sint nisi magnam rem corrupti numquam tenetur odio.', '1971-09-07');
INSERT INTO `posts` (`id`, `author_id`, `title`, `description`, `content`, `date`) VALUES (267, 39, 'Quia eveniet voluptatem asperiores.', 'Sit laboriosam corrupti quas harum vel. Ipsa id exercitationem rerum eum eos. Delectus molestiae autem quo blanditiis. Sit officia quam sit aut qui qui illo optio.', 'Distinctio tempore similique magnam ipsam ipsam. Omnis ipsa nihil voluptate sed est et. Ut nihil sed quis iste illum recusandae saepe porro.', '1999-07-26');
INSERT INTO `posts` (`id`, `author_id`, `title`, `description`, `content`, `date`) VALUES (268, 40, 'Consequatur voluptates illo sapiente ut.', 'Qui possimus qui reprehenderit ipsa libero labore repellendus ut. Ex et quisquam eos deleniti qui error. Dolor facilis perspiciatis reiciendis. Beatae dolores et expedita eligendi.', 'Esse amet veniam qui ut aut quis maiores. Fugit quos culpa sint quo. Atque voluptatem id ex et enim pariatur.', '2017-09-15');
INSERT INTO `posts` (`id`, `author_id`, `title`, `description`, `content`, `date`) VALUES (269, 41, 'Sapiente repellendus quasi sit minima sed.', 'Perspiciatis a nihil voluptas et quia eos. Facilis quo omnis et tempora quia dolor. Quibusdam sint tenetur architecto eos libero repudiandae illum.', 'Ipsam iste quibusdam expedita eveniet modi modi. Eos ut nam dicta. Molestias nulla sed assumenda quo ea dolorum aut ut.', '1988-11-29');
INSERT INTO `posts` (`id`, `author_id`, `title`, `description`, `content`, `date`) VALUES (270, 42, 'Est aliquam nihil quas dolorem sint enim.', 'Vitae veniam eos voluptatem sunt magni magnam autem. Optio velit et ratione at rerum alias. Sint officiis officia iste modi voluptas quia fugiat.', 'Explicabo autem laborum dolor praesentium et. Voluptas recusandae eos quisquam. Corrupti ab est quo labore illo ipsum rem.', '1992-08-02');
INSERT INTO `posts` (`id`, `author_id`, `title`, `description`, `content`, `date`) VALUES (271, 43, 'Nostrum perferendis rerum quisquam pariatur voluptatibus labore.', 'Commodi excepturi quas voluptas et eaque eos sit iure. Earum vel ea odio provident. Incidunt omnis natus quis et sunt eveniet quisquam.', 'Debitis id non quasi qui. Amet et aliquid velit dolores est aspernatur est. Dolorem in dolor est. Tempore dolor debitis corrupti quis velit.', '1993-08-31');
INSERT INTO `posts` (`id`, `author_id`, `title`, `description`, `content`, `date`) VALUES (272, 44, 'Sit adipisci numquam molestiae ratione dolores dicta.', 'Quia exercitationem ullam et quisquam at quaerat. Qui pariatur necessitatibus aut iusto ut. Ratione aut doloribus non reiciendis minima atque.', 'Sed facilis aspernatur excepturi iste. Illo enim quod et excepturi. Omnis dolor veritatis natus ut necessitatibus.', '2016-01-20');
INSERT INTO `posts` (`id`, `author_id`, `title`, `description`, `content`, `date`) VALUES (273, 45, 'At non aut iure et.', 'Assumenda ducimus asperiores excepturi dignissimos consequatur aut suscipit. Nesciunt dolores dolor enim et molestiae et et. Rerum quibusdam qui ex perferendis architecto odio consequuntur. Suscipit nemo ut dolore nulla unde officia.', 'Ad eaque optio nihil sit ex perspiciatis reprehenderit. Eum modi ipsa et. Ut aliquam beatae repellendus maxime est occaecati. Est optio cupiditate quis sed.', '1971-10-20');
INSERT INTO `posts` (`id`, `author_id`, `title`, `description`, `content`, `date`) VALUES (274, 46, 'Incidunt in eligendi sed dolores rem voluptas aliquid.', 'Magnam sed facere velit non sit et inventore fuga. Velit et quo aliquam veniam aut est dolores. Quia ea dolorem vel quasi dolores doloribus.', 'Optio exercitationem voluptatem in et voluptatum. Ea fugit unde molestiae facilis consequatur quasi. Sequi magni possimus dolore corporis tempore enim.', '2010-11-11');
INSERT INTO `posts` (`id`, `author_id`, `title`, `description`, `content`, `date`) VALUES (275, 47, 'Magni laborum harum recusandae veritatis quis delectus molestiae.', 'Maxime dolores non aut possimus at laudantium. Est consequuntur nihil expedita occaecati nesciunt quidem. Omnis ut rerum suscipit assumenda corrupti doloribus. Voluptas delectus molestiae sequi sed ut.', 'Impedit maxime placeat sequi libero exercitationem. Commodi repudiandae inventore laborum dolores laborum qui ut. Rerum rerum maiores ullam fugiat eveniet sunt eius.', '2010-02-11');
INSERT INTO `posts` (`id`, `author_id`, `title`, `description`, `content`, `date`) VALUES (276, 48, 'Quibusdam illo beatae quo asperiores iusto.', 'Asperiores ex voluptatem et quis non. Dolorem ex est sit distinctio. Aliquam itaque eos quasi quam quisquam.', 'Rerum ipsam in perspiciatis. Molestias velit qui rem quisquam fuga assumenda itaque autem. Rem asperiores saepe ut hic. Temporibus in temporibus at explicabo. Ratione quaerat dignissimos sapiente.', '1991-11-08');
INSERT INTO `posts` (`id`, `author_id`, `title`, `description`, `content`, `date`) VALUES (277, 49, 'Officiis sed suscipit excepturi.', 'Sed voluptatem et ipsum ea. Ut quia fugiat et rerum eligendi asperiores rerum fugit.', 'Tempore illum et tenetur quibusdam non. Excepturi aut omnis sequi et. Facilis veritatis amet dolor provident voluptatem repudiandae adipisci.', '1980-07-30');
INSERT INTO `posts` (`id`, `author_id`, `title`, `description`, `content`, `date`) VALUES (278, 50, 'Voluptatum voluptatem eius similique quis.', 'Molestiae ipsa voluptatem dolorum itaque. At minus quae dolorem corrupti qui consequuntur. Et qui eligendi dolorum voluptas. Ab similique neque laborum aut necessitatibus sed. Dolor eum dicta aut eos ipsam eius.', 'Ut cupiditate assumenda deserunt rerum ab optio. Quibusdam numquam voluptatibus accusantium. Ea voluptate qui eaque laudantium. Harum soluta velit perspiciatis molestias sint.', '2018-12-17');
INSERT INTO `posts` (`id`, `author_id`, `title`, `description`, `content`, `date`) VALUES (279, 51, 'Qui omnis facilis voluptatibus et.', 'Placeat eius omnis recusandae quaerat nihil at. Quasi optio quae ad earum placeat voluptate. Minima alias aut amet recusandae est.', 'Vitae deleniti est nobis quae omnis sed laboriosam in. Qui sit labore iure quia ut voluptas sed tempore. Ipsum qui officiis qui omnis quia at. Dicta deleniti et sunt eligendi.', '1987-11-27');
INSERT INTO `posts` (`id`, `author_id`, `title`, `description`, `content`, `date`) VALUES (280, 52, 'Ut qui reiciendis dolor dolorum.', 'Aperiam odit dolore et tempore provident. Tenetur cupiditate delectus rerum velit. Consequatur impedit molestias quibusdam esse officia. Et suscipit cum labore dignissimos quod eligendi.', 'Incidunt beatae aliquam non aut et voluptatibus sed. Odit ut voluptas possimus hic harum. Reprehenderit sit ut minus suscipit voluptas.', '2016-06-04');
INSERT INTO `posts` (`id`, `author_id`, `title`, `description`, `content`, `date`) VALUES (281, 53, 'Accusantium voluptate ut voluptas fugiat.', 'Corporis quo alias sunt libero dicta ullam quos. Voluptatem molestias et omnis omnis commodi ex. Atque qui eligendi deleniti aliquam quod dicta dolor.', 'Eos dolorem est molestiae. Quaerat cumque quasi est. Labore ut quas amet unde omnis.', '1979-07-04');
INSERT INTO `posts` (`id`, `author_id`, `title`, `description`, `content`, `date`) VALUES (282, 54, 'Quo alias sit rerum voluptate dolorem.', 'Molestiae rerum deserunt qui tempore dolorem in. Sunt debitis dolorem rerum et repudiandae ducimus. Cumque non facilis qui facilis.', 'Tempora quia quia voluptatum sint. Exercitationem placeat accusantium odio. Odit dolor perferendis vel sequi eligendi inventore.', '1974-07-06');
INSERT INTO `posts` (`id`, `author_id`, `title`, `description`, `content`, `date`) VALUES (283, 55, 'Neque aliquid consequuntur perferendis.', 'Quis qui praesentium ea illo aut. Sunt fugit culpa aspernatur. Quis exercitationem tempora in possimus sequi iure.', 'Voluptas et laudantium quis voluptates quia repellat. Voluptatem impedit ab ratione harum sint. Iste vitae ex sed ab natus natus.', '1996-05-08');
INSERT INTO `posts` (`id`, `author_id`, `title`, `description`, `content`, `date`) VALUES (284, 56, 'Consequuntur aut dolores quam dignissimos provident et.', 'Praesentium ut quas harum in. Quia aut quia et est autem. Aut nihil voluptatem culpa.', 'Velit corrupti placeat necessitatibus quia ea non explicabo. Quia veniam tenetur accusantium ut totam velit. Id magnam illo molestiae. Delectus dicta id fugit corporis odit.', '2013-07-01');
INSERT INTO `posts` (`id`, `author_id`, `title`, `description`, `content`, `date`) VALUES (285, 57, 'Ut illum error nulla totam.', 'Architecto alias et repudiandae commodi. Vitae porro totam accusantium dolor.', 'Sit atque perferendis dolor. Soluta corporis illum a corporis voluptatem quo perspiciatis. Odit iusto voluptas dolorem quod. Tempora enim dolores doloribus eveniet ab tempora consequatur.', '2003-09-12');
INSERT INTO `posts` (`id`, `author_id`, `title`, `description`, `content`, `date`) VALUES (286, 1, 'Temporibus eveniet quo sed porro et suscipit aut.', 'Dolores placeat eaque in cupiditate. Nulla quae delectus molestiae ab. Et omnis neque autem animi ea. Rem provident iusto quia culpa velit quibusdam.', 'Numquam quis et maiores possimus voluptas sit excepturi. Id inventore non qui maxime sunt maiores. Beatae sit deleniti laudantium et.', '1982-02-04');
INSERT INTO `posts` (`id`, `author_id`, `title`, `description`, `content`, `date`) VALUES (287, 2, 'Sit vel odio ratione placeat debitis.', 'Asperiores quis hic minima accusamus quidem nisi quasi. Quae magni voluptates ipsum qui. Deleniti ex non rerum itaque quia. Veritatis hic sapiente itaque voluptatibus cumque qui et.', 'Et cumque dolorem sit unde. Veniam minima sed et rem fugiat nesciunt. Consequatur sit molestias placeat quasi quia minima.', '1973-05-02');
INSERT INTO `posts` (`id`, `author_id`, `title`, `description`, `content`, `date`) VALUES (288, 3, 'Quo placeat debitis eum.', 'Non perspiciatis corporis ad. Magnam sed blanditiis molestias enim animi ut facere. Iusto repellat possimus odio autem. Voluptas dolores ad consequuntur eum.', 'Dolor et nihil excepturi impedit similique et ab. Molestias ratione atque voluptas reprehenderit odit rerum eos ipsum. Quam numquam totam rerum fugiat repellendus harum eum.', '1977-04-11');
INSERT INTO `posts` (`id`, `author_id`, `title`, `description`, `content`, `date`) VALUES (289, 4, 'Placeat dolores magnam consequatur et sed sunt aut.', 'Consequatur illum eos ea voluptatum provident. Error saepe aperiam sed maiores. Dicta nostrum enim officia nobis ex.', 'Neque dolor recusandae quia nesciunt molestias sapiente. Illo inventore autem soluta voluptas facilis.', '2005-12-04');
INSERT INTO `posts` (`id`, `author_id`, `title`, `description`, `content`, `date`) VALUES (290, 5, 'Ut debitis possimus nisi quia.', 'Ut tempore repellendus totam deleniti. Sunt officia rerum expedita magnam illo eligendi. Accusantium ducimus quo amet sapiente debitis quas.', 'Veniam totam atque eaque possimus harum. Error quidem est doloribus sunt iusto ullam et. Ad nulla sequi ab placeat et. Ullam delectus laborum rerum quia.', '2013-07-13');
INSERT INTO `posts` (`id`, `author_id`, `title`, `description`, `content`, `date`) VALUES (291, 6, 'Sapiente at ut id.', 'Nihil iusto dolores aliquam ut qui saepe. Et quia placeat aperiam voluptatum nobis et. Vitae alias sunt cum aut rem illum quaerat eum. Facere doloribus vitae quo facere cupiditate accusamus et.', 'Et non aperiam nemo minima repellendus ipsa fugiat. In repudiandae in quod est quia deleniti. A sit eaque impedit quidem consequuntur sit. Qui ratione dolor consequatur.', '2012-07-31');
INSERT INTO `posts` (`id`, `author_id`, `title`, `description`, `content`, `date`) VALUES (292, 7, 'Eveniet ducimus autem dolorum eligendi maiores libero atque ab.', 'Delectus esse facilis aperiam earum. Molestiae dolor aliquam ducimus autem. Ab nihil dicta libero iusto ad a.', 'Ut ad ipsum sed. Sed ducimus maxime possimus ipsum minima. Et labore voluptatem asperiores qui. Explicabo dignissimos vero et debitis officiis beatae.', '2010-08-25');
INSERT INTO `posts` (`id`, `author_id`, `title`, `description`, `content`, `date`) VALUES (293, 8, 'Et aut quis qui aspernatur sequi est.', 'Tempore ut exercitationem soluta ea vel ipsam. Eligendi omnis ab est itaque nemo tempore nobis. Nemo et iste id ut iusto. Harum tenetur esse rerum ducimus recusandae laboriosam harum.', 'Omnis qui ex accusamus eos nemo officia velit impedit. Fuga aut qui voluptas ratione sed. Vel rerum voluptatibus rerum.', '2005-03-12');
INSERT INTO `posts` (`id`, `author_id`, `title`, `description`, `content`, `date`) VALUES (294, 9, 'Quia sit suscipit dignissimos perferendis.', 'Voluptas enim eveniet inventore est consequatur accusantium ducimus. Accusamus recusandae consectetur consectetur quos magni nostrum. Assumenda laudantium voluptatum voluptatibus ut dolorum.', 'Adipisci et ea aut ut molestias laboriosam sint. Quibusdam at est impedit sequi cumque nihil corporis quis. Esse ratione provident eos. Non ad accusantium blanditiis ducimus qui et.', '1971-04-18');
INSERT INTO `posts` (`id`, `author_id`, `title`, `description`, `content`, `date`) VALUES (295, 10, 'Soluta dicta qui modi iste.', 'Non quia repudiandae autem sequi voluptas numquam sed. Doloribus cum voluptatibus odit non sed enim nulla. Rerum quas eum rerum omnis consequuntur.', 'Fugiat rem voluptatem quas possimus quia dolorem dolorem. Quis recusandae ad est rerum. Aut eos corporis voluptatibus distinctio expedita. Qui dolorem aliquid numquam accusamus qui quod et iusto.', '1991-07-04');
INSERT INTO `posts` (`id`, `author_id`, `title`, `description`, `content`, `date`) VALUES (296, 11, 'Perferendis et error sint voluptatem aperiam labore.', 'Voluptas veritatis ut sequi. Voluptate ea excepturi quidem. Sit quas velit quis qui quasi quidem et.', 'Id unde amet consectetur. Quisquam nihil molestias rerum nihil rerum alias quaerat commodi. Pariatur odio velit est accusamus minima.', '2003-01-09');
INSERT INTO `posts` (`id`, `author_id`, `title`, `description`, `content`, `date`) VALUES (297, 12, 'Sed et quaerat sit autem.', 'Modi aut est esse molestias quod non dolores quibusdam. Voluptate voluptates autem veritatis voluptates aperiam eius. Porro autem est autem aut debitis quasi.', 'Doloribus est vitae quibusdam enim nihil molestiae ad. Sit sit minima odit aliquid voluptas voluptatem repellat.\nVelit consequatur id ut dolorem animi officiis. Sit dolor est cum iste.', '2003-01-24');
INSERT INTO `posts` (`id`, `author_id`, `title`, `description`, `content`, `date`) VALUES (298, 13, 'Incidunt corporis consequatur quia debitis commodi totam nesciunt.', 'Neque omnis recusandae doloremque magni quos blanditiis. Alias minima nihil reiciendis nihil quia maiores. Vero accusamus nisi totam saepe perspiciatis optio.', 'Eos dicta tenetur mollitia eligendi et eos aut. Nemo similique est deserunt et. Quasi illo iure natus quibusdam nam molestiae maiores. Voluptas culpa est ut voluptatum fugit officia in.', '1992-04-13');
INSERT INTO `posts` (`id`, `author_id`, `title`, `description`, `content`, `date`) VALUES (299, 14, 'Et est at rerum aut mollitia distinctio blanditiis minus.', 'Nulla quod dolores amet impedit. Velit quia quas minima sed repellendus hic. Et ea nihil repellendus ut dolor ipsum. Iure molestiae illo ipsa nesciunt.', 'Est in velit molestiae numquam nihil. Doloribus accusamus velit culpa labore tempore qui et. Ipsa enim sit ut maiores consequatur. Ut temporibus aut distinctio ullam aut optio.', '1981-06-02');
INSERT INTO `posts` (`id`, `author_id`, `title`, `description`, `content`, `date`) VALUES (300, 15, 'Consectetur suscipit omnis quod nulla eligendi.', 'Illum molestias similique ipsum. Quo molestiae maxime commodi unde minima. Quia ut velit adipisci doloremque temporibus perspiciatis aut.', 'Debitis illum error explicabo voluptatem. Sed dignissimos nihil dolorem nesciunt voluptatibus omnis. Repellat eligendi aliquam aspernatur temporibus magnam.', '1995-02-22');


#
# TABLE STRUCTURE FOR: roles
#

DROP TABLE IF EXISTS `roles`;

CREATE TABLE `roles` (
  `id` int(11) NOT NULL AUTO_INCREMENT,
  `name` varchar(20) NOT NULL,
  `description` varchar(100) DEFAULT NULL,
  PRIMARY KEY (`id`)
);

INSERT INTO `roles` (`id`, `name`, `description`) VALUES (1, 'qui', 'Facilis corrupti eum possimus recusandae et ad exercitationem non. Nulla voluptas deleniti at reicie');
INSERT INTO `roles` (`id`, `name`, `description`) VALUES (2, 'mollitia', 'Aliquam voluptas similique et est. Omnis officia quisquam sed adipisci consequatur asperiores. Ut et');
INSERT INTO `roles` (`id`, `name`, `description`) VALUES (3, 'quod', 'Praesentium earum nulla accusamus maiores quis at. Ducimus illo facere enim quidem est. Tempora quia');
INSERT INTO `roles` (`id`, `name`, `description`) VALUES (4, 'veritatis', 'Non nesciunt voluptatem ipsum. Totam sit illo amet doloribus aperiam. Eum sunt ut unde non. Minus do');
INSERT INTO `roles` (`id`, `name`, `description`) VALUES (5, 'necessitatibus', 'Libero quo id quia modi. Accusamus fugit et rerum.');
INSERT INTO `roles` (`id`, `name`, `description`) VALUES (6, 'blanditiis', 'Officia rerum sed et qui iure et alias et. Nostrum optio nam cupiditate dolor. Et voluptas dolorum t');
INSERT INTO `roles` (`id`, `name`, `description`) VALUES (7, 'ex', 'Corrupti non et illum pariatur et blanditiis sapiente omnis. Molestiae sed minima fuga accusantium. ');
INSERT INTO `roles` (`id`, `name`, `description`) VALUES (8, 'architecto', 'Eum neque distinctio ab vero esse quibusdam. Veniam vitae aut id. Rerum maiores praesentium blanditi');
INSERT INTO `roles` (`id`, `name`, `description`) VALUES (9, 'placeat', 'Et blanditiis omnis libero enim. Consequuntur vitae quae aliquam qui consequatur. Qui beatae autem s');
INSERT INTO `roles` (`id`, `name`, `description`) VALUES (10, 'et', 'Voluptatem voluptatem corporis ex sequi accusantium recusandae ea. Cupiditate temporibus voluptas cu');
INSERT INTO `roles` (`id`, `name`, `description`) VALUES (11, 'dolorum', 'Similique facere aliquam cupiditate sint quia. Veniam rerum ut corrupti praesentium architecto aut e');
INSERT INTO `roles` (`id`, `name`, `description`) VALUES (12, 'est', 'Ad quis deleniti autem voluptatem odit rerum illum. Eligendi laudantium dolorem consectetur officiis');
INSERT INTO `roles` (`id`, `name`, `description`) VALUES (13, 'est', 'Earum eius dolorem dolores. Quia et perspiciatis labore laudantium eveniet illum neque voluptate. Qu');
INSERT INTO `roles` (`id`, `name`, `description`) VALUES (14, 'ex', 'Cupiditate quia est ex quae reprehenderit. Voluptatem enim aliquid voluptas laboriosam accusamus ess');
INSERT INTO `roles` (`id`, `name`, `description`) VALUES (15, 'quia', 'Non qui necessitatibus voluptas exercitationem deleniti. Amet enim voluptate aut laborum est earum. ');
INSERT INTO `roles` (`id`, `name`, `description`) VALUES (16, 'pariatur', 'Veritatis est perferendis voluptas voluptas debitis nihil nihil rerum. Est rerum et et aut. Quisquam');
INSERT INTO `roles` (`id`, `name`, `description`) VALUES (17, 'laudantium', 'Vero quia dolor ea. Ut aliquam non dolores qui quos. Aliquid minima quia repellat cum sed et. Earum ');
INSERT INTO `roles` (`id`, `name`, `description`) VALUES (18, 'libero', 'Est qui dolor mollitia porro magnam. Qui neque fugit atque necessitatibus quis beatae reiciendis. De');
INSERT INTO `roles` (`id`, `name`, `description`) VALUES (19, 'odit', 'Debitis enim sint officia omnis nihil recusandae vero. Et dolorum incidunt blanditiis rem ea. Blandi');
INSERT INTO `roles` (`id`, `name`, `description`) VALUES (20, 'amet', 'Aut ipsam voluptas voluptatem odit. Error nisi doloremque sed accusamus sit numquam molestiae labori');
INSERT INTO `roles` (`id`, `name`, `description`) VALUES (21, 'illum', 'Ipsum velit nam a est vel laborum. Dolores ut vel et est. Consequatur dolor vero ipsum dicta illum r');
INSERT INTO `roles` (`id`, `name`, `description`) VALUES (22, 'expedita', 'Quo eveniet aspernatur quos repudiandae. Maxime et suscipit molestiae pariatur et. Et odio tenetur m');
INSERT INTO `roles` (`id`, `name`, `description`) VALUES (23, 'inventore', 'Culpa quis et omnis laborum rerum aperiam. Earum perspiciatis vel voluptatibus omnis aut dignissimos');
INSERT INTO `roles` (`id`, `name`, `description`) VALUES (24, 'eum', 'Pariatur qui neque cumque atque soluta dolores. Deserunt voluptatem sunt rerum qui. Occaecati rem qu');
INSERT INTO `roles` (`id`, `name`, `description`) VALUES (25, 'eum', 'Ut sint cum corporis porro. In sequi numquam fugiat facilis eum neque possimus atque. Quisquam sit a');
INSERT INTO `roles` (`id`, `name`, `description`) VALUES (26, 'ipsam', 'Quis quo veritatis eum dignissimos placeat. Sit dolor quod deserunt aut aut porro itaque.');
INSERT INTO `roles` (`id`, `name`, `description`) VALUES (27, 'et', 'Et aut eligendi aut aperiam. Dolore sapiente est qui id qui. Qui et earum cupiditate quas.');
INSERT INTO `roles` (`id`, `name`, `description`) VALUES (28, 'labore', 'Corrupti ullam enim pariatur ratione. Provident et occaecati nobis vel modi quo. Et provident qui ha');
INSERT INTO `roles` (`id`, `name`, `description`) VALUES (29, 'autem', 'Omnis repellendus minima nam alias provident quibusdam illum. Voluptatem sunt in accusantium beatae ');
INSERT INTO `roles` (`id`, `name`, `description`) VALUES (30, 'vel', 'Magni aut et praesentium quas voluptas. Quibusdam explicabo rerum tempore sit. Qui dolores non exerc');
INSERT INTO `roles` (`id`, `name`, `description`) VALUES (31, 'alias', 'Facere officiis aliquam totam. Itaque a tenetur quidem. Accusamus et adipisci est cumque.');
INSERT INTO `roles` (`id`, `name`, `description`) VALUES (32, 'id', 'Consequatur quo a adipisci voluptas rerum quia. Voluptas fugiat veritatis voluptas dolorem occaecati');
INSERT INTO `roles` (`id`, `name`, `description`) VALUES (33, 'quaerat', 'Nesciunt culpa quaerat nam occaecati rerum. Fugiat totam dolor iure harum ut. Deleniti aut minima qu');
INSERT INTO `roles` (`id`, `name`, `description`) VALUES (34, 'magnam', 'Reiciendis in provident iste. Sint qui aut ut autem nulla harum officia accusamus.');
INSERT INTO `roles` (`id`, `name`, `description`) VALUES (35, 'dolorem', 'Voluptas aliquam aut perspiciatis quod dolores illum ad. Ut aspernatur est maiores molestias. Sequi ');
INSERT INTO `roles` (`id`, `name`, `description`) VALUES (36, 'facere', 'Et voluptate commodi tempora dolor. Nam est perspiciatis voluptatem necessitatibus. Impedit ea volup');
INSERT INTO `roles` (`id`, `name`, `description`) VALUES (37, 'quam', 'Adipisci qui rem et possimus. Unde sed omnis ut voluptate soluta. Et mollitia omnis alias velit sit.');
INSERT INTO `roles` (`id`, `name`, `description`) VALUES (38, 'aut', 'Modi laudantium accusamus neque totam id repudiandae ut. Numquam voluptatem non nulla voluptatem par');
INSERT INTO `roles` (`id`, `name`, `description`) VALUES (39, 'voluptates', 'Nemo quos ut quo non qui. Necessitatibus aut atque est autem odio dolor vel.');
INSERT INTO `roles` (`id`, `name`, `description`) VALUES (40, 'velit', 'Nesciunt aliquam eius animi laudantium mollitia corrupti qui nihil. Eos tenetur non tempore nihil. N');
INSERT INTO `roles` (`id`, `name`, `description`) VALUES (41, 'deleniti', 'Qui beatae qui est odio ut. Vitae tempora at earum. Error cupiditate suscipit hic aut quidem tempori');
INSERT INTO `roles` (`id`, `name`, `description`) VALUES (42, 'sit', 'Rerum earum vel maxime eligendi eius tempora consequatur. Neque provident quia hic et est minima sin');
INSERT INTO `roles` (`id`, `name`, `description`) VALUES (43, 'officia', 'Et atque voluptatum sit delectus dolores. Cum in officia molestias. Eius eveniet porro omnis sit nos');
INSERT INTO `roles` (`id`, `name`, `description`) VALUES (44, 'pariatur', 'Nisi vitae provident dolor maiores quas et. Illo natus nulla sed maxime reprehenderit. Dolorum lauda');
INSERT INTO `roles` (`id`, `name`, `description`) VALUES (45, 'et', 'Omnis ipsum quia quod libero ipsam qui magni. Consequatur numquam dolorum voluptatum nesciunt rerum.');
INSERT INTO `roles` (`id`, `name`, `description`) VALUES (46, 'ratione', 'Molestiae voluptatem et doloremque enim quae voluptas labore. Excepturi vitae qui tempora. Nihil rep');
INSERT INTO `roles` (`id`, `name`, `description`) VALUES (47, 'totam', 'Voluptates iure laborum voluptatum tenetur. Eligendi magnam id maiores repellat vero. Deleniti bland');
INSERT INTO `roles` (`id`, `name`, `description`) VALUES (48, 'autem', 'Neque dolorem et velit et. Qui sequi animi quia omnis officiis ut. Nihil facere ut fugiat sed ut. Ut');
INSERT INTO `roles` (`id`, `name`, `description`) VALUES (49, 'earum', 'Et rem quia enim. Distinctio et voluptatem voluptatem tempore autem tenetur.');
INSERT INTO `roles` (`id`, `name`, `description`) VALUES (50, 'provident', 'Est labore odit necessitatibus reiciendis nemo. Laboriosam facere inventore voluptas fuga voluptatum');
INSERT INTO `roles` (`id`, `name`, `description`) VALUES (51, 'et', 'Quod assumenda non sed ea. Magnam soluta voluptatum nostrum quibusdam reprehenderit. Qui impedit deb');
INSERT INTO `roles` (`id`, `name`, `description`) VALUES (52, 'iusto', 'Aliquam sit a vero. Dignissimos omnis dolor voluptatum autem et ut. Et quisquam dolor non atque rem ');
INSERT INTO `roles` (`id`, `name`, `description`) VALUES (53, 'et', 'Quia deleniti aspernatur sint quae. Maiores ut ratione at ea rerum voluptas quia fugit.');
INSERT INTO `roles` (`id`, `name`, `description`) VALUES (54, 'sed', 'Iusto temporibus at quis. Sed molestias rem et et necessitatibus. Perferendis fuga nesciunt laborios');
INSERT INTO `roles` (`id`, `name`, `description`) VALUES (55, 'velit', 'Molestiae et totam est sapiente et. Quia repellendus blanditiis cumque accusamus. Cum molestiae aspe');
INSERT INTO `roles` (`id`, `name`, `description`) VALUES (56, 'nulla', 'Qui sint sit ratione veritatis. Mollitia saepe quibusdam magnam exercitationem aut sapiente iste. Au');
INSERT INTO `roles` (`id`, `name`, `description`) VALUES (57, 'sapiente', 'Eos qui molestias eveniet molestias. Sint saepe et veritatis rerum. Et repellendus est reprehenderit');
INSERT INTO `roles` (`id`, `name`, `description`) VALUES (58, 'laudantium', 'Earum architecto nam eum quia nam. Voluptas dolore omnis voluptate corrupti sed. Doloremque id offic');
INSERT INTO `roles` (`id`, `name`, `description`) VALUES (59, 'aspernatur', 'Praesentium alias alias tempora aut architecto modi nam consequuntur. Et eveniet ut nobis iure et cu');
INSERT INTO `roles` (`id`, `name`, `description`) VALUES (60, 'provident', 'Et aut doloribus eum. Quia perspiciatis doloribus quia. Magnam similique libero exercitationem volup');
INSERT INTO `roles` (`id`, `name`, `description`) VALUES (61, 'aut', 'Magnam autem molestiae accusantium qui. Iusto tempora fuga quisquam ullam illum voluptatem. Tempore ');
INSERT INTO `roles` (`id`, `name`, `description`) VALUES (62, 'voluptates', 'Deleniti quis et occaecati et sed. Culpa aperiam in excepturi quia quo in placeat. Et dolorum error ');
INSERT INTO `roles` (`id`, `name`, `description`) VALUES (63, 'autem', 'Labore quis excepturi pariatur natus enim voluptate. Rem illum quae fuga aut eaque. Repellendus temp');
INSERT INTO `roles` (`id`, `name`, `description`) VALUES (64, 'aperiam', 'Quae porro ratione consectetur fugit voluptas ut. Eos autem quia iusto ut fuga aperiam et vero. Repu');
INSERT INTO `roles` (`id`, `name`, `description`) VALUES (65, 'culpa', 'Aperiam dolor laudantium et. Accusamus repellat harum explicabo molestiae quo. Quia repudiandae quib');
INSERT INTO `roles` (`id`, `name`, `description`) VALUES (66, 'nostrum', 'Minus et et placeat porro debitis nulla ea quod. Quidem voluptas labore laudantium quis commodi labo');
INSERT INTO `roles` (`id`, `name`, `description`) VALUES (67, 'accusamus', 'Itaque ut mollitia perspiciatis ullam. Debitis nam quaerat qui. Est officiis veritatis ipsum et sed ');
INSERT INTO `roles` (`id`, `name`, `description`) VALUES (68, 'sed', 'Quo esse ullam alias dolores. Tempore velit aut nihil est ducimus. Impedit nam dolorum perspiciatis ');
INSERT INTO `roles` (`id`, `name`, `description`) VALUES (69, 'tempora', 'Nulla ipsam suscipit at esse omnis. Ut cumque vel iure vero quidem sed. Voluptates adipisci ipsam cu');
INSERT INTO `roles` (`id`, `name`, `description`) VALUES (70, 'et', 'Quia quia est quas impedit quae. Maxime in velit totam distinctio alias veritatis voluptatem. Et pos');
INSERT INTO `roles` (`id`, `name`, `description`) VALUES (71, 'aspernatur', 'Nisi eius assumenda sunt non quia veniam. Reiciendis eveniet aliquam eligendi ut voluptatibus laudan');
INSERT INTO `roles` (`id`, `name`, `description`) VALUES (72, 'nesciunt', 'Necessitatibus quod quis in iste libero quas sunt. Adipisci repellat a cumque amet aliquam rerum qui');
INSERT INTO `roles` (`id`, `name`, `description`) VALUES (73, 'aspernatur', 'Voluptate iusto hic rem odit ipsa quam. Enim eligendi non sed libero. Quaerat quia sint repellendus ');
INSERT INTO `roles` (`id`, `name`, `description`) VALUES (74, 'nam', 'Natus ut et explicabo voluptatibus totam ullam et. Voluptatum ut reiciendis assumenda repellat. Minu');
INSERT INTO `roles` (`id`, `name`, `description`) VALUES (75, 'sed', 'Id est tempora recusandae sit ipsa. Quo perferendis suscipit sunt. Suscipit laboriosam occaecati aut');
INSERT INTO `roles` (`id`, `name`, `description`) VALUES (76, 'adipisci', 'Quia sed ducimus odit maiores. Adipisci officia fuga sint illo quae et rerum. Similique veritatis se');
INSERT INTO `roles` (`id`, `name`, `description`) VALUES (77, 'sit', 'Quia consequatur provident id non. Aliquid mollitia ipsa placeat culpa. Praesentium sit molestiae te');
INSERT INTO `roles` (`id`, `name`, `description`) VALUES (78, 'atque', 'Omnis neque et explicabo quia reiciendis sit qui. Natus ut id totam laborum. Aut inventore amet cons');
INSERT INTO `roles` (`id`, `name`, `description`) VALUES (79, 'consequatur', 'Aut ipsum rerum sapiente voluptas atque. Maxime soluta aut sint molestias non molestiae dolor. Optio');
INSERT INTO `roles` (`id`, `name`, `description`) VALUES (80, 'quasi', 'Vero voluptatem iste autem vel suscipit qui ab explicabo. Libero enim optio facere.');
INSERT INTO `roles` (`id`, `name`, `description`) VALUES (81, 'reprehenderit', 'Dignissimos quidem itaque est laudantium voluptates libero. Ducimus adipisci sequi ipsum. Excepturi ');
INSERT INTO `roles` (`id`, `name`, `description`) VALUES (82, 'consectetur', 'Et magni velit aliquid provident. Vitae laboriosam blanditiis porro sequi et unde et facilis. Volupt');
INSERT INTO `roles` (`id`, `name`, `description`) VALUES (83, 'qui', 'Exercitationem aut at amet omnis quis. Qui voluptas ut expedita autem rerum in. Dignissimos in eos e');
INSERT INTO `roles` (`id`, `name`, `description`) VALUES (84, 'enim', 'Ex similique sit excepturi quo harum non unde. Nisi itaque quaerat totam repudiandae nihil magnam. R');
INSERT INTO `roles` (`id`, `name`, `description`) VALUES (85, 'exercitationem', 'Neque velit officiis consequatur fugiat optio. Autem occaecati laudantium voluptas. Dolorem nulla su');
INSERT INTO `roles` (`id`, `name`, `description`) VALUES (86, 'quas', 'Quam cupiditate officiis quaerat soluta. Nulla qui consectetur et veniam. A distinctio quo in. Praes');
INSERT INTO `roles` (`id`, `name`, `description`) VALUES (87, 'exercitationem', 'Numquam consectetur qui suscipit est pariatur sequi vero. Aut sint quia odit aut blanditiis. Sed omn');
INSERT INTO `roles` (`id`, `name`, `description`) VALUES (88, 'libero', 'Laborum eos cum est blanditiis. Quo molestiae quis blanditiis voluptatibus accusantium dolorem et. A');
INSERT INTO `roles` (`id`, `name`, `description`) VALUES (89, 'quibusdam', 'Aut voluptatem quam nisi qui unde optio. Maxime et possimus aliquid veritatis beatae nisi ipsa. Reru');
INSERT INTO `roles` (`id`, `name`, `description`) VALUES (90, 'omnis', 'Quia amet tempora reiciendis est officia atque quia. Velit et recusandae quia sit. Aut quia quasi op');
INSERT INTO `roles` (`id`, `name`, `description`) VALUES (91, 'magni', 'Atque et blanditiis itaque vero quae. Perspiciatis magnam aut quis fugiat. Sint distinctio sequi per');
INSERT INTO `roles` (`id`, `name`, `description`) VALUES (92, 'cum', 'Quia quo sunt qui et. Et consequuntur et temporibus dolores unde in facilis. Animi voluptate vitae s');
INSERT INTO `roles` (`id`, `name`, `description`) VALUES (93, 'possimus', 'Ut aliquid ut aliquid et placeat. Modi culpa illum soluta sit.');
INSERT INTO `roles` (`id`, `name`, `description`) VALUES (94, 'voluptate', 'Voluptatem ullam dicta et nihil necessitatibus debitis autem. Harum cum est ut et. Sit distinctio ne');
INSERT INTO `roles` (`id`, `name`, `description`) VALUES (95, 'quia', 'Adipisci quia voluptatem voluptas. Tempora alias nostrum beatae ut est. Sit temporibus hic omnis omn');
INSERT INTO `roles` (`id`, `name`, `description`) VALUES (96, 'vel', 'Error quae et laudantium. Aut reiciendis nisi at dolore animi animi. Omnis non nesciunt consequatur ');
INSERT INTO `roles` (`id`, `name`, `description`) VALUES (97, 'inventore', 'Consectetur dolorum dolor maiores id eum est. Numquam iste sit nobis voluptas consequatur quo labori');
INSERT INTO `roles` (`id`, `name`, `description`) VALUES (98, 'delectus', 'Ducimus quis exercitationem sit sed nobis. Sunt velit sed voluptatem nisi. Corrupti distinctio simil');
INSERT INTO `roles` (`id`, `name`, `description`) VALUES (99, 'dolores', 'Possimus cupiditate alias nemo alias magni at autem. Asperiores voluptates non tempora provident sol');
INSERT INTO `roles` (`id`, `name`, `description`) VALUES (100, 'corrupti', 'Qui numquam exercitationem quod et perferendis ipsam in totam. Necessitatibus cum repudiandae molest');


#
# TABLE STRUCTURE FOR: user_post
#

DROP TABLE IF EXISTS `user_post`;

CREATE TABLE `user_post` (
  `user_id` int(11) NOT NULL,
  `post_id` int(11) NOT NULL,
  `status` tinyint(4) NOT NULL DEFAULT 0,
  PRIMARY KEY (`user_id`,`post_id`)
);

INSERT INTO `user_post` (`user_id`, `post_id`, `status`) VALUES (1, 1, 0);
INSERT INTO `user_post` (`user_id`, `post_id`, `status`) VALUES (2, 2, 0);
INSERT INTO `user_post` (`user_id`, `post_id`, `status`) VALUES (3, 3, 0);
INSERT INTO `user_post` (`user_id`, `post_id`, `status`) VALUES (4, 4, 0);
INSERT INTO `user_post` (`user_id`, `post_id`, `status`) VALUES (5, 5, 0);
INSERT INTO `user_post` (`user_id`, `post_id`, `status`) VALUES (6, 6, 0);
INSERT INTO `user_post` (`user_id`, `post_id`, `status`) VALUES (7, 7, 0);
INSERT INTO `user_post` (`user_id`, `post_id`, `status`) VALUES (8, 8, 0);
INSERT INTO `user_post` (`user_id`, `post_id`, `status`) VALUES (9, 9, 0);
INSERT INTO `user_post` (`user_id`, `post_id`, `status`) VALUES (10, 10, 0);
INSERT INTO `user_post` (`user_id`, `post_id`, `status`) VALUES (11, 11, 0);
INSERT INTO `user_post` (`user_id`, `post_id`, `status`) VALUES (12, 12, 0);
INSERT INTO `user_post` (`user_id`, `post_id`, `status`) VALUES (13, 13, 0);
INSERT INTO `user_post` (`user_id`, `post_id`, `status`) VALUES (14, 14, 0);
INSERT INTO `user_post` (`user_id`, `post_id`, `status`) VALUES (15, 15, 0);
INSERT INTO `user_post` (`user_id`, `post_id`, `status`) VALUES (16, 16, 0);
INSERT INTO `user_post` (`user_id`, `post_id`, `status`) VALUES (17, 17, 0);
INSERT INTO `user_post` (`user_id`, `post_id`, `status`) VALUES (18, 18, 0);
INSERT INTO `user_post` (`user_id`, `post_id`, `status`) VALUES (19, 19, 0);
INSERT INTO `user_post` (`user_id`, `post_id`, `status`) VALUES (20, 20, 0);
INSERT INTO `user_post` (`user_id`, `post_id`, `status`) VALUES (21, 21, 0);
INSERT INTO `user_post` (`user_id`, `post_id`, `status`) VALUES (22, 22, 0);
INSERT INTO `user_post` (`user_id`, `post_id`, `status`) VALUES (23, 23, 0);
INSERT INTO `user_post` (`user_id`, `post_id`, `status`) VALUES (24, 24, 0);
INSERT INTO `user_post` (`user_id`, `post_id`, `status`) VALUES (25, 25, 0);
INSERT INTO `user_post` (`user_id`, `post_id`, `status`) VALUES (26, 26, 0);
INSERT INTO `user_post` (`user_id`, `post_id`, `status`) VALUES (27, 27, 0);
INSERT INTO `user_post` (`user_id`, `post_id`, `status`) VALUES (28, 28, 0);
INSERT INTO `user_post` (`user_id`, `post_id`, `status`) VALUES (29, 29, 0);
INSERT INTO `user_post` (`user_id`, `post_id`, `status`) VALUES (30, 30, 0);
INSERT INTO `user_post` (`user_id`, `post_id`, `status`) VALUES (31, 31, 0);
INSERT INTO `user_post` (`user_id`, `post_id`, `status`) VALUES (32, 32, 0);
INSERT INTO `user_post` (`user_id`, `post_id`, `status`) VALUES (33, 33, 0);
INSERT INTO `user_post` (`user_id`, `post_id`, `status`) VALUES (34, 34, 0);
INSERT INTO `user_post` (`user_id`, `post_id`, `status`) VALUES (35, 35, 0);
INSERT INTO `user_post` (`user_id`, `post_id`, `status`) VALUES (36, 36, 0);
INSERT INTO `user_post` (`user_id`, `post_id`, `status`) VALUES (37, 37, 0);
INSERT INTO `user_post` (`user_id`, `post_id`, `status`) VALUES (38, 38, 0);
INSERT INTO `user_post` (`user_id`, `post_id`, `status`) VALUES (39, 39, 0);
INSERT INTO `user_post` (`user_id`, `post_id`, `status`) VALUES (40, 40, 0);
INSERT INTO `user_post` (`user_id`, `post_id`, `status`) VALUES (41, 41, 0);
INSERT INTO `user_post` (`user_id`, `post_id`, `status`) VALUES (42, 42, 0);
INSERT INTO `user_post` (`user_id`, `post_id`, `status`) VALUES (43, 43, 0);
INSERT INTO `user_post` (`user_id`, `post_id`, `status`) VALUES (44, 44, 0);
INSERT INTO `user_post` (`user_id`, `post_id`, `status`) VALUES (45, 45, 0);
INSERT INTO `user_post` (`user_id`, `post_id`, `status`) VALUES (46, 46, 0);
INSERT INTO `user_post` (`user_id`, `post_id`, `status`) VALUES (47, 47, 0);
INSERT INTO `user_post` (`user_id`, `post_id`, `status`) VALUES (48, 48, 0);
INSERT INTO `user_post` (`user_id`, `post_id`, `status`) VALUES (49, 49, 0);
INSERT INTO `user_post` (`user_id`, `post_id`, `status`) VALUES (50, 50, 0);
INSERT INTO `user_post` (`user_id`, `post_id`, `status`) VALUES (51, 51, 0);
INSERT INTO `user_post` (`user_id`, `post_id`, `status`) VALUES (52, 52, 0);
INSERT INTO `user_post` (`user_id`, `post_id`, `status`) VALUES (53, 53, 0);
INSERT INTO `user_post` (`user_id`, `post_id`, `status`) VALUES (54, 54, 0);
INSERT INTO `user_post` (`user_id`, `post_id`, `status`) VALUES (55, 55, 0);
INSERT INTO `user_post` (`user_id`, `post_id`, `status`) VALUES (56, 56, 0);
INSERT INTO `user_post` (`user_id`, `post_id`, `status`) VALUES (57, 57, 0);
INSERT INTO `user_post` (`user_id`, `post_id`, `status`) VALUES (58, 58, 0);
INSERT INTO `user_post` (`user_id`, `post_id`, `status`) VALUES (59, 59, 0);
INSERT INTO `user_post` (`user_id`, `post_id`, `status`) VALUES (60, 60, 0);
INSERT INTO `user_post` (`user_id`, `post_id`, `status`) VALUES (61, 61, 0);
INSERT INTO `user_post` (`user_id`, `post_id`, `status`) VALUES (62, 62, 0);
INSERT INTO `user_post` (`user_id`, `post_id`, `status`) VALUES (63, 63, 0);
INSERT INTO `user_post` (`user_id`, `post_id`, `status`) VALUES (64, 64, 0);
INSERT INTO `user_post` (`user_id`, `post_id`, `status`) VALUES (65, 65, 0);
INSERT INTO `user_post` (`user_id`, `post_id`, `status`) VALUES (66, 66, 0);
INSERT INTO `user_post` (`user_id`, `post_id`, `status`) VALUES (67, 67, 0);
INSERT INTO `user_post` (`user_id`, `post_id`, `status`) VALUES (68, 68, 0);
INSERT INTO `user_post` (`user_id`, `post_id`, `status`) VALUES (69, 69, 0);
INSERT INTO `user_post` (`user_id`, `post_id`, `status`) VALUES (70, 70, 0);
INSERT INTO `user_post` (`user_id`, `post_id`, `status`) VALUES (71, 71, 0);
INSERT INTO `user_post` (`user_id`, `post_id`, `status`) VALUES (72, 72, 0);
INSERT INTO `user_post` (`user_id`, `post_id`, `status`) VALUES (73, 73, 0);
INSERT INTO `user_post` (`user_id`, `post_id`, `status`) VALUES (74, 74, 0);
INSERT INTO `user_post` (`user_id`, `post_id`, `status`) VALUES (75, 75, 0);
INSERT INTO `user_post` (`user_id`, `post_id`, `status`) VALUES (76, 76, 0);
INSERT INTO `user_post` (`user_id`, `post_id`, `status`) VALUES (77, 77, 0);
INSERT INTO `user_post` (`user_id`, `post_id`, `status`) VALUES (78, 78, 0);
INSERT INTO `user_post` (`user_id`, `post_id`, `status`) VALUES (79, 79, 0);
INSERT INTO `user_post` (`user_id`, `post_id`, `status`) VALUES (80, 80, 0);
INSERT INTO `user_post` (`user_id`, `post_id`, `status`) VALUES (81, 81, 0);
INSERT INTO `user_post` (`user_id`, `post_id`, `status`) VALUES (82, 82, 0);
INSERT INTO `user_post` (`user_id`, `post_id`, `status`) VALUES (83, 83, 0);
INSERT INTO `user_post` (`user_id`, `post_id`, `status`) VALUES (84, 84, 0);
INSERT INTO `user_post` (`user_id`, `post_id`, `status`) VALUES (85, 85, 0);
INSERT INTO `user_post` (`user_id`, `post_id`, `status`) VALUES (86, 86, 0);
INSERT INTO `user_post` (`user_id`, `post_id`, `status`) VALUES (87, 87, 0);
INSERT INTO `user_post` (`user_id`, `post_id`, `status`) VALUES (88, 88, 0);
INSERT INTO `user_post` (`user_id`, `post_id`, `status`) VALUES (89, 89, 0);
INSERT INTO `user_post` (`user_id`, `post_id`, `status`) VALUES (90, 90, 0);
INSERT INTO `user_post` (`user_id`, `post_id`, `status`) VALUES (91, 91, 0);
INSERT INTO `user_post` (`user_id`, `post_id`, `status`) VALUES (92, 92, 0);
INSERT INTO `user_post` (`user_id`, `post_id`, `status`) VALUES (93, 93, 0);
INSERT INTO `user_post` (`user_id`, `post_id`, `status`) VALUES (94, 94, 0);
INSERT INTO `user_post` (`user_id`, `post_id`, `status`) VALUES (95, 95, 0);
INSERT INTO `user_post` (`user_id`, `post_id`, `status`) VALUES (96, 96, 0);
INSERT INTO `user_post` (`user_id`, `post_id`, `status`) VALUES (97, 97, 0);
INSERT INTO `user_post` (`user_id`, `post_id`, `status`) VALUES (98, 98, 0);
INSERT INTO `user_post` (`user_id`, `post_id`, `status`) VALUES (99, 99, 0);
INSERT INTO `user_post` (`user_id`, `post_id`, `status`) VALUES (100, 100, 0);


#
# TABLE STRUCTURE FOR: user_role
#

DROP TABLE IF EXISTS `user_role`;

CREATE TABLE `user_role` (
  `user_id` int(11) NOT NULL,
  `role_id` int(11) NOT NULL,
  PRIMARY KEY (`user_id`,`role_id`)
);

INSERT INTO `user_role` (`user_id`, `role_id`) VALUES (1, 1);
INSERT INTO `user_role` (`user_id`, `role_id`) VALUES (2, 2);
INSERT INTO `user_role` (`user_id`, `role_id`) VALUES (3, 3);
INSERT INTO `user_role` (`user_id`, `role_id`) VALUES (4, 4);
INSERT INTO `user_role` (`user_id`, `role_id`) VALUES (5, 5);
INSERT INTO `user_role` (`user_id`, `role_id`) VALUES (6, 6);
INSERT INTO `user_role` (`user_id`, `role_id`) VALUES (7, 7);
INSERT INTO `user_role` (`user_id`, `role_id`) VALUES (8, 8);
INSERT INTO `user_role` (`user_id`, `role_id`) VALUES (9, 9);
INSERT INTO `user_role` (`user_id`, `role_id`) VALUES (10, 10);
INSERT INTO `user_role` (`user_id`, `role_id`) VALUES (11, 11);
INSERT INTO `user_role` (`user_id`, `role_id`) VALUES (12, 12);
INSERT INTO `user_role` (`user_id`, `role_id`) VALUES (13, 13);
INSERT INTO `user_role` (`user_id`, `role_id`) VALUES (14, 14);
INSERT INTO `user_role` (`user_id`, `role_id`) VALUES (15, 15);
INSERT INTO `user_role` (`user_id`, `role_id`) VALUES (16, 16);
INSERT INTO `user_role` (`user_id`, `role_id`) VALUES (17, 17);
INSERT INTO `user_role` (`user_id`, `role_id`) VALUES (18, 18);
INSERT INTO `user_role` (`user_id`, `role_id`) VALUES (19, 19);
INSERT INTO `user_role` (`user_id`, `role_id`) VALUES (20, 20);
INSERT INTO `user_role` (`user_id`, `role_id`) VALUES (21, 21);
INSERT INTO `user_role` (`user_id`, `role_id`) VALUES (22, 22);
INSERT INTO `user_role` (`user_id`, `role_id`) VALUES (23, 23);
INSERT INTO `user_role` (`user_id`, `role_id`) VALUES (24, 24);
INSERT INTO `user_role` (`user_id`, `role_id`) VALUES (25, 25);
INSERT INTO `user_role` (`user_id`, `role_id`) VALUES (26, 26);
INSERT INTO `user_role` (`user_id`, `role_id`) VALUES (27, 27);
INSERT INTO `user_role` (`user_id`, `role_id`) VALUES (28, 28);
INSERT INTO `user_role` (`user_id`, `role_id`) VALUES (29, 29);
INSERT INTO `user_role` (`user_id`, `role_id`) VALUES (30, 30);
INSERT INTO `user_role` (`user_id`, `role_id`) VALUES (31, 31);
INSERT INTO `user_role` (`user_id`, `role_id`) VALUES (32, 32);
INSERT INTO `user_role` (`user_id`, `role_id`) VALUES (33, 33);
INSERT INTO `user_role` (`user_id`, `role_id`) VALUES (34, 34);
INSERT INTO `user_role` (`user_id`, `role_id`) VALUES (35, 35);
INSERT INTO `user_role` (`user_id`, `role_id`) VALUES (36, 36);
INSERT INTO `user_role` (`user_id`, `role_id`) VALUES (37, 37);
INSERT INTO `user_role` (`user_id`, `role_id`) VALUES (38, 38);
INSERT INTO `user_role` (`user_id`, `role_id`) VALUES (39, 39);
INSERT INTO `user_role` (`user_id`, `role_id`) VALUES (40, 40);
INSERT INTO `user_role` (`user_id`, `role_id`) VALUES (41, 41);
INSERT INTO `user_role` (`user_id`, `role_id`) VALUES (42, 42);
INSERT INTO `user_role` (`user_id`, `role_id`) VALUES (43, 43);
INSERT INTO `user_role` (`user_id`, `role_id`) VALUES (44, 44);
INSERT INTO `user_role` (`user_id`, `role_id`) VALUES (45, 45);
INSERT INTO `user_role` (`user_id`, `role_id`) VALUES (46, 46);
INSERT INTO `user_role` (`user_id`, `role_id`) VALUES (47, 47);
INSERT INTO `user_role` (`user_id`, `role_id`) VALUES (48, 48);
INSERT INTO `user_role` (`user_id`, `role_id`) VALUES (49, 49);
INSERT INTO `user_role` (`user_id`, `role_id`) VALUES (50, 50);
INSERT INTO `user_role` (`user_id`, `role_id`) VALUES (51, 51);
INSERT INTO `user_role` (`user_id`, `role_id`) VALUES (52, 52);
INSERT INTO `user_role` (`user_id`, `role_id`) VALUES (53, 53);
INSERT INTO `user_role` (`user_id`, `role_id`) VALUES (54, 54);
INSERT INTO `user_role` (`user_id`, `role_id`) VALUES (55, 55);
INSERT INTO `user_role` (`user_id`, `role_id`) VALUES (56, 56);
INSERT INTO `user_role` (`user_id`, `role_id`) VALUES (57, 57);
INSERT INTO `user_role` (`user_id`, `role_id`) VALUES (58, 58);
INSERT INTO `user_role` (`user_id`, `role_id`) VALUES (59, 59);
INSERT INTO `user_role` (`user_id`, `role_id`) VALUES (60, 60);
INSERT INTO `user_role` (`user_id`, `role_id`) VALUES (61, 61);
INSERT INTO `user_role` (`user_id`, `role_id`) VALUES (62, 62);
INSERT INTO `user_role` (`user_id`, `role_id`) VALUES (63, 63);
INSERT INTO `user_role` (`user_id`, `role_id`) VALUES (64, 64);
INSERT INTO `user_role` (`user_id`, `role_id`) VALUES (65, 65);
INSERT INTO `user_role` (`user_id`, `role_id`) VALUES (66, 66);
INSERT INTO `user_role` (`user_id`, `role_id`) VALUES (67, 67);
INSERT INTO `user_role` (`user_id`, `role_id`) VALUES (68, 68);
INSERT INTO `user_role` (`user_id`, `role_id`) VALUES (69, 69);
INSERT INTO `user_role` (`user_id`, `role_id`) VALUES (70, 70);
INSERT INTO `user_role` (`user_id`, `role_id`) VALUES (71, 71);
INSERT INTO `user_role` (`user_id`, `role_id`) VALUES (72, 72);
INSERT INTO `user_role` (`user_id`, `role_id`) VALUES (73, 73);
INSERT INTO `user_role` (`user_id`, `role_id`) VALUES (74, 74);
INSERT INTO `user_role` (`user_id`, `role_id`) VALUES (75, 75);
INSERT INTO `user_role` (`user_id`, `role_id`) VALUES (76, 76);
INSERT INTO `user_role` (`user_id`, `role_id`) VALUES (77, 77);
INSERT INTO `user_role` (`user_id`, `role_id`) VALUES (78, 78);
INSERT INTO `user_role` (`user_id`, `role_id`) VALUES (79, 79);
INSERT INTO `user_role` (`user_id`, `role_id`) VALUES (80, 80);
INSERT INTO `user_role` (`user_id`, `role_id`) VALUES (81, 81);
INSERT INTO `user_role` (`user_id`, `role_id`) VALUES (82, 82);
INSERT INTO `user_role` (`user_id`, `role_id`) VALUES (83, 83);
INSERT INTO `user_role` (`user_id`, `role_id`) VALUES (84, 84);
INSERT INTO `user_role` (`user_id`, `role_id`) VALUES (85, 85);
INSERT INTO `user_role` (`user_id`, `role_id`) VALUES (86, 86);
INSERT INTO `user_role` (`user_id`, `role_id`) VALUES (87, 87);
INSERT INTO `user_role` (`user_id`, `role_id`) VALUES (88, 88);
INSERT INTO `user_role` (`user_id`, `role_id`) VALUES (89, 89);
INSERT INTO `user_role` (`user_id`, `role_id`) VALUES (90, 90);
INSERT INTO `user_role` (`user_id`, `role_id`) VALUES (91, 91);
INSERT INTO `user_role` (`user_id`, `role_id`) VALUES (92, 92);
INSERT INTO `user_role` (`user_id`, `role_id`) VALUES (93, 93);
INSERT INTO `user_role` (`user_id`, `role_id`) VALUES (94, 94);
INSERT INTO `user_role` (`user_id`, `role_id`) VALUES (95, 95);
INSERT INTO `user_role` (`user_id`, `role_id`) VALUES (96, 96);
INSERT INTO `user_role` (`user_id`, `role_id`) VALUES (97, 97);
INSERT INTO `user_role` (`user_id`, `role_id`) VALUES (98, 98);
INSERT INTO `user_role` (`user_id`, `role_id`) VALUES (99, 99);
INSERT INTO `user_role` (`user_id`, `role_id`) VALUES (100, 100);


#
# TABLE STRUCTURE FOR: users
#

DROP TABLE IF EXISTS `users`;

CREATE TABLE `users` (
  `id` int(11) NOT NULL AUTO_INCREMENT,
  `username` varchar(30) NOT NULL,
  `password` varchar(40) NOT NULL,
  `path` varchar(100),
  PRIMARY KEY (`id`),
  UNIQUE KEY `username` (`username`)
);

INSERT INTO `users` (`id`, `username`, `password`) VALUES (1, 'jayson85', '0f91cd8b141e007a8912b8e849700633a34a68c6');
INSERT INTO `users` (`id`, `username`, `password`) VALUES (2, 'trudie92', 'a2ef8b5adc71e0cdbba60b2fb199510dd0e38fdb');
INSERT INTO `users` (`id`, `username`, `password`) VALUES (3, 'deckow.vernie', 'aac408a9ea1774e50a14c71c4a526ec1ca310b5c');
INSERT INTO `users` (`id`, `username`, `password`) VALUES (4, 'alta35', '66ee95fa66e2eabd0906c2c6b4df79aebf92d569');
INSERT INTO `users` (`id`, `username`, `password`) VALUES (5, 'nikki13', 'bb091d6dc315e3337933e00b89d499604879b347');
INSERT INTO `users` (`id`, `username`, `password`) VALUES (6, 'ritchie.benton', '59be46482be0ac00aafd6efd8a7b6c54a41055f4');
INSERT INTO `users` (`id`, `username`, `password`) VALUES (7, 'kzboncak', '31b00b953872e07ba4ac13a44a4da65840f69d89');
INSERT INTO `users` (`id`, `username`, `password`) VALUES (8, 'ulueilwitz', '0e678bb0b9831f2471a7b47d0356c2ac4cef7141');
INSERT INTO `users` (`id`, `username`, `password`) VALUES (9, 'maegan.roob', '7eb0602ba70b52b3fc18ec986b7e965dda4f6bf8');
INSERT INTO `users` (`id`, `username`, `password`) VALUES (10, 'nicholaus.ledner', '916ffdeb0fd43b42aa47f10a63153f62a769a972');
INSERT INTO `users` (`id`, `username`, `password`) VALUES (11, 'maria.gulgowski', '341881d8b5ce1e993888997a7742476af1432821');
INSERT INTO `users` (`id`, `username`, `password`) VALUES (12, 'delphia69', '3d68771639a9ac510bf50770e5fc60259e88dbeb');
INSERT INTO `users` (`id`, `username`, `password`) VALUES (13, 'ondricka.judd', '1191d5b94fde5efed7a1235e66ccdfc9ab823942');
INSERT INTO `users` (`id`, `username`, `password`) VALUES (14, 'eleanora36', 'caa77964ee7f3dd542a0c80d399fcf77f4df8b60');
INSERT INTO `users` (`id`, `username`, `password`) VALUES (15, 'qkling', '1aa00ccb23868461f2cfa9885e2b441447b84ad0');
INSERT INTO `users` (`id`, `username`, `password`) VALUES (16, 'pconsidine', '3a599af4d98cdd339eafe15703cd80a6ff86f02b');
INSERT INTO `users` (`id`, `username`, `password`) VALUES (17, 'vcruickshank', '00c3e55155be91e566fe43be8162cf4ac8cbed64');
INSERT INTO `users` (`id`, `username`, `password`) VALUES (18, 'mozelle31', '77fcaac32573b45afe72f4322110087e88f51788');
INSERT INTO `users` (`id`, `username`, `password`) VALUES (19, 'orunte', '9d8f7cbcff04586d3fa22591ea7be77f63dea352');
INSERT INTO `users` (`id`, `username`, `password`) VALUES (20, 'hilpert.tremaine', 'bba2caa2e2c42a2baa886b9e8110c91df0af6944');
INSERT INTO `users` (`id`, `username`, `password`) VALUES (21, 'fmcclure', 'e6c407d8ec464ac3e445a322714cfd28cbaf65fb');
INSERT INTO `users` (`id`, `username`, `password`) VALUES (22, 'lillie.ritchie', '53d0ef9e2ff27bb5d3fa7aa52eddf1e9e887f08b');
INSERT INTO `users` (`id`, `username`, `password`) VALUES (23, 'kihn.manuel', 'a78505c2f3cc39c23c1d153bbb6c28aa457e8150');
INSERT INTO `users` (`id`, `username`, `password`) VALUES (24, 'wkirlin', '3a3430f24413f521db500f04e3297157eb68672b');
INSERT INTO `users` (`id`, `username`, `password`) VALUES (25, 'ahmad.funk', 'cfbcd5b8c92b512b6ba42107033f44d2ff466f15');
INSERT INTO `users` (`id`, `username`, `password`) VALUES (26, 'rking', '77969d5e875e969e1b55287200ea0a493ec2d838');
INSERT INTO `users` (`id`, `username`, `password`) VALUES (27, 'troberts', '7bf671648e0a0767895934f133959ea893faa4da');
INSERT INTO `users` (`id`, `username`, `password`) VALUES (28, 'haven.gorczany', '608cb0c84d12b700b206ea8b3c9b99ec087579bd');
INSERT INTO `users` (`id`, `username`, `password`) VALUES (29, 'zfadel', '448618bc65b7f173557e7be363f650577bbdd58b');
INSERT INTO `users` (`id`, `username`, `password`) VALUES (30, 'linda63', '4bb71b05a0149bd0f8432457dc47384b89c48989');
INSERT INTO `users` (`id`, `username`, `password`) VALUES (31, 'von.rick', 'd0f32cef2f7582bb825f9d67025cb49d3d2e02e5');
INSERT INTO `users` (`id`, `username`, `password`) VALUES (32, 'tony55', '285f9926a3ef132e5e3bd8cea9eb0e4783e00def');
INSERT INTO `users` (`id`, `username`, `password`) VALUES (33, 'trycia.wyman', 'f15a4c97a827d11a16a225f32962c0b7e11e2667');
INSERT INTO `users` (`id`, `username`, `password`) VALUES (34, 'smitham.arlie', '739ad0bf180090aaa437cca8398b6973d65a5985');
INSERT INTO `users` (`id`, `username`, `password`) VALUES (35, 'xmarquardt', '564b0b8a948a8d46ed8f919f58368284dcb95e83');
INSERT INTO `users` (`id`, `username`, `password`) VALUES (36, 'edgardo64', '345fcc4fde1d3f8f5b170fdb3209da4cb82390ad');
INSERT INTO `users` (`id`, `username`, `password`) VALUES (37, 'vicenta.aufderhar', 'a70c35d9ec958101afae19ed3086894d9237754c');
INSERT INTO `users` (`id`, `username`, `password`) VALUES (38, 'jaqueline18', 'e61b91a3a6a5aa78ba607a7d6a91c5e55fc6f183');
INSERT INTO `users` (`id`, `username`, `password`) VALUES (39, 'walsh.gertrude', '6dddb930a60ce0df8697928dc8388d0ee38c81df');
INSERT INTO `users` (`id`, `username`, `password`) VALUES (40, 'tchamplin', 'f77815ed920e7284601c9f8197c9bbb00fad4138');
INSERT INTO `users` (`id`, `username`, `password`) VALUES (41, 'lyric51', '2915e8c38d23572892aa0de40757ed0ca17062a2');
INSERT INTO `users` (`id`, `username`, `password`) VALUES (42, 'marisol.kemmer', 'f3346a1cd7896662436ac9e7097393b2b8e804f4');
INSERT INTO `users` (`id`, `username`, `password`) VALUES (43, 'pcole', '7e099561e28eb26c97e1a4b40db1065981df7f59');
INSERT INTO `users` (`id`, `username`, `password`) VALUES (44, 'gloria.kovacek', 'e348a27d35b43f2fd1bbd14c73fdf0e24d7b0c95');
INSERT INTO `users` (`id`, `username`, `password`) VALUES (45, 'emmerich.kole', '02c60ad0e63ae8a5b2b1f31f7efd18eefd0a7a71');
INSERT INTO `users` (`id`, `username`, `password`) VALUES (46, 'schoen.curtis', '1e86fcedbb0437b5e14e1021616e5ce4cddbadab');
INSERT INTO `users` (`id`, `username`, `password`) VALUES (47, 'mkshlerin', 'ca428e8f670f521ddc8df7b39f5fa5ce64af516d');
INSERT INTO `users` (`id`, `username`, `password`) VALUES (48, 'flatley.clemmie', '26d73987cd60c92e5db909e4e61532be24a1dbaa');
INSERT INTO `users` (`id`, `username`, `password`) VALUES (49, 'lonny.corkery', '180be7ba85233029ade96ac140f418e4b58788a4');
INSERT INTO `users` (`id`, `username`, `password`) VALUES (50, 'borer.kayli', 'ec69090dc5abaf6d8ba950d76c8c47f1f8c175ac');
INSERT INTO `users` (`id`, `username`, `password`) VALUES (51, 'adan.fisher', '2bca42fd7817bcc88850ff0e13ac51d922e12247');
INSERT INTO `users` (`id`, `username`, `password`) VALUES (52, 'bernhard.caitlyn', '46913b00290190e1824832f6d9eee4af14c0d9f6');
INSERT INTO `users` (`id`, `username`, `password`) VALUES (53, 'donnelly.eulah', 'e2b318c3fddd4241642fba8ed396a7f159af8b91');
INSERT INTO `users` (`id`, `username`, `password`) VALUES (54, 'wiegand.bradly', '98a8c70ea3e66d982d56134a2470de1dc5f130bd');
INSERT INTO `users` (`id`, `username`, `password`) VALUES (55, 'leslie.romaguera', '749668783adaf8e42909fde2e9fd93d16d925e0e');
INSERT INTO `users` (`id`, `username`, `password`) VALUES (56, 'will.aileen', '9a2120b87e7b28da2de4ff1cddb08df93804a20f');
INSERT INTO `users` (`id`, `username`, `password`) VALUES (57, 'eileen08', 'bb221a7145a32d733da22c1a4127d41f7b77719a');
INSERT INTO `users` (`id`, `username`, `password`) VALUES (58, 'goldner.tillman', 'ec40b2ec87427715b37b44fcd8ff49d26a462415');
INSERT INTO `users` (`id`, `username`, `password`) VALUES (59, 'domenic99', '21229abc3f34758e64237f40537f3b350a6d4642');
INSERT INTO `users` (`id`, `username`, `password`) VALUES (60, 'considine.bessie', '0f06276bfbe400cd79c001590bd718868ada25c2');
INSERT INTO `users` (`id`, `username`, `password`) VALUES (61, 'magdalen74', '6f43d14e2f1138475380733f6ea1f8f0720ec567');
INSERT INTO `users` (`id`, `username`, `password`) VALUES (62, 'sadness', '6f43d14e2f1138475380733f6ea1f8f0720ec567');
INSERT INTO `users` (`id`, `username`, `password`) VALUES (63, 'camylle73', '0be13f9b6ed68b5d6e082258a5656f7e3d241d0c');
INSERT INTO `users` (`id`, `username`, `password`) VALUES (64, 'frank.fisher', 'ec9a3f9d057558bf7c82ff6fdc873b33789927ca');
INSERT INTO `users` (`id`, `username`, `password`) VALUES (65, 'lynch.isabella', 'c19c4ef2b66199055446e06f025ec54ef7251423');
INSERT INTO `users` (`id`, `username`, `password`) VALUES (66, 'udietrich', '3e7ca0944eb9e62f8fe1269707786834f6f9e9ba');
INSERT INTO `users` (`id`, `username`, `password`) VALUES (67, 'eileen81', '9ee7fdfac31de41d5d06e77cea722522ebf88978');
INSERT INTO `users` (`id`, `username`, `password`) VALUES (68, 'harrison.bergstrom', 'd80287b15f8f2ad0a9fc63412f77fd2488718a5c');
INSERT INTO `users` (`id`, `username`, `password`) VALUES (69, 'magdalen55', '09ed3ff62f76488189351d797b0a180df785f087');
INSERT INTO `users` (`id`, `username`, `password`) VALUES (70, 'tabitha.pfeffer', 'b623522e9e1cc77a005f548d224b2f04e8052b70');
INSERT INTO `users` (`id`, `username`, `password`) VALUES (71, 'gus64', '07589f4e0b38f009efac4c710ff57ef89f6e5e29');
INSERT INTO `users` (`id`, `username`, `password`) VALUES (72, 'nschneider', '4561d2a3ba69ffdac1b06e5beaa9988685231691');
INSERT INTO `users` (`id`, `username`, `password`) VALUES (73, 'nestor04', '38231ddd9efd5b2a489856886a81a6f57b3d5f52');
INSERT INTO `users` (`id`, `username`, `password`) VALUES (74, 'jodie39', '9b45cbb3f4f00ecb702e3eec3de2c518e3c7a370');
INSERT INTO `users` (`id`, `username`, `password`) VALUES (75, 'tullrich', 'e25b2a4c935949be699c3e4e7736d874f0c78a90');
INSERT INTO `users` (`id`, `username`, `password`) VALUES (76, 'mario.harris', '4ed1647040ed816ed5a3cc7230d273f06bd582cd');
INSERT INTO `users` (`id`, `username`, `password`) VALUES (77, 'mabel74', 'a52d4e874dd9d8c1e1ed45add0e0bb886be1b147');
INSERT INTO `users` (`id`, `username`, `password`) VALUES (78, 'shawna.boyle', 'b1ede2e0dc4a2f1421fa62e31ade872d1f35bbfb');
INSERT INTO `users` (`id`, `username`, `password`) VALUES (79, 'michelle58', '260e6666347e8bc89290c867e3a9a98695a9d448');
INSERT INTO `users` (`id`, `username`, `password`) VALUES (80, 'arthur.pagac', '0440ea71d8ec5d6e70f42112f666a62f9161dc59');
INSERT INTO `users` (`id`, `username`, `password`) VALUES (81, 'volkman.adolf', '3c8cf48d796dc9b25d3d86ba9e28b1234e62530a');
INSERT INTO `users` (`id`, `username`, `password`) VALUES (82, 'rice.vena', 'bfedec37d68353b54bb0f28126dcd89f11594433');
INSERT INTO `users` (`id`, `username`, `password`) VALUES (83, 'bethany55', 'c2bebdb0e61510b10f749caecb54e4101e4e452c');
INSERT INTO `users` (`id`, `username`, `password`) VALUES (84, 'desmond.reynolds', '859dd6b9791b3321564a7f6a5c9dd957a3b79343');
INSERT INTO `users` (`id`, `username`, `password`) VALUES (85, 'halie.ratke', '5d1f1170bfcfd6865f0a3900a4ebd95557d3c426');
INSERT INTO `users` (`id`, `username`, `password`) VALUES (86, 'mcdermott.keeley', 'd779c76f8810963ee5b333cc913fbb1ef2be64c9');
INSERT INTO `users` (`id`, `username`, `password`) VALUES (87, 'lizeth.lockman', '4fd14e27ef1ecbb6aa9df69f7b9a67734c540d77');
INSERT INTO `users` (`id`, `username`, `password`) VALUES (88, 'ruth.batz', '47d84be291490e0cfe859391569d2db1c4eb5cf5');
INSERT INTO `users` (`id`, `username`, `password`) VALUES (89, 'inienow', '364d07601cac40331ff8d81db63be0cbff3f9524');
INSERT INTO `users` (`id`, `username`, `password`) VALUES (90, 'lynn62', '38cf8d9e60c8d93115e5604e8a9ea587c9cb65f0');
INSERT INTO `users` (`id`, `username`, `password`) VALUES (91, 'murray.denis', '68e54989363deb73cf464a65b3f9f056767e5957');
INSERT INTO `users` (`id`, `username`, `password`) VALUES (92, 'paucek.domenic', '0513684f9a0047a04d03317fae2fc0ef7238a2e4');
INSERT INTO `users` (`id`, `username`, `password`) VALUES (93, 'thompson.freddy', '5a2c347bf08b37a547ec986fb03fde7c955f47fd');
INSERT INTO `users` (`id`, `username`, `password`) VALUES (94, 'omcglynn', 'b6b9f326a26dfd006c8468e52195b9827c35325f');
INSERT INTO `users` (`id`, `username`, `password`) VALUES (95, 'lakin.tamia', '620609e614729d3734adb39f7d088a61a4d2a029');
INSERT INTO `users` (`id`, `username`, `password`) VALUES (96, 'will.elinore', '877f6f93cfb269efca6ea64829d6a61839eac40c');
INSERT INTO `users` (`id`, `username`, `password`) VALUES (97, 'eloisa.considine', '1701f0889977fb39b49c579b062a939259b28708');
INSERT INTO `users` (`id`, `username`, `password`) VALUES (98, 'schultz.percy', 'b926d634c63c786c62a7bed41f875360e0c574c2');
INSERT INTO `users` (`id`, `username`, `password`) VALUES (99, 'wrath', '340a6b0257d7efdfdb5ac93c88ab1fdb7f87e2d6');
INSERT INTO `users` (`id`, `username`, `password`) VALUES (100, 'conner32', '345c2077c8fa4a50e1375b35e6b74c9f8ec457fd');
INSERT INTO `users` (`id`, `username`, `password`) VALUES (101, 'edmond.eichmann', '90deda705a2e1fdb447e7d86e94f46c674f51201');
INSERT INTO `users` (`id`, `username`, `password`) VALUES (102, 'turcotte.guiseppe', 'ed32d3e0fc796057ecd32c60147488e379d9fb4a');
INSERT INTO `users` (`id`, `username`, `password`) VALUES (103, 'robert.bayer', 'f5a1ae51c0bda9723d0ada753a6ce759539a4645');
INSERT INTO `users` (`id`, `username`, `password`) VALUES (104, 'jessika.stracke', '8fec1d2d9e9d44b86207ed5a1fd186b5d95d368f');
INSERT INTO `users` (`id`, `username`, `password`) VALUES (105, 'kunze.nicklaus', '513619eb54234df9f6222f855540d0ade341fa4d');
INSERT INTO `users` (`id`, `username`, `password`) VALUES (106, 'turner.anibal', '1c9bc0e8f116343326003eccfc7ad83e3dfe38ad');
INSERT INTO `users` (`id`, `username`, `password`) VALUES (107, 'beau.fisher', '18c11633184a010745fb906af905a27904a1da70');
INSERT INTO `users` (`id`, `username`, `password`) VALUES (108, 'ada52', '79b0c6d3fee88be6c0344073060012794c6c0069');
INSERT INTO `users` (`id`, `username`, `password`) VALUES (109, 'creinger', 'c4585eb0354e383cc7dea01cd300c42f178a4fea');
INSERT INTO `users` (`id`, `username`, `password`) VALUES (110, 'jdickinson', '3e508c9aa72a54399c7310c1f4bdd861ffad6f99');
INSERT INTO `users` (`id`, `username`, `password`) VALUES (111, 'ogreenfelder', '90142f119f82d5f69ea1c96a138c8dca49cbfbfb');
INSERT INTO `users` (`id`, `username`, `password`) VALUES (112, 'trystan.kunze', 'ea88b99dcc305c9be58e75f8c72db9342395f42a');
INSERT INTO `users` (`id`, `username`, `password`) VALUES (113, 'heller.bertrand', 'a160de01a202950f5dc3ad798881c9de5533cca1');
INSERT INTO `users` (`id`, `username`, `password`) VALUES (114, 'xbergnaum', 'ff23b4bfadc870fab8b6cb463fbab363a6e1b0b9');
INSERT INTO `users` (`id`, `username`, `password`) VALUES (115, 'karl.goodwin', 'b8efe811565ccb8e2c2189cd28806a95b2ad8d33');
INSERT INTO `users` (`id`, `username`, `password`) VALUES (116, 'kemmer.lilla', '6da4ad702c6e1fac4e4efb3e6e5769234376586d');
INSERT INTO `users` (`id`, `username`, `password`) VALUES (117, 'steve.ratke', 'fd227a35b5268b53d3e09406d9984cc80574dfce');
INSERT INTO `users` (`id`, `username`, `password`) VALUES (118, 'rohan.stephany', '5eb683c1a56b2643091556284db2e187d7d82283');
INSERT INTO `users` (`id`, `username`, `password`) VALUES (119, 'mwisoky', '07f79a21b429d1229289d45e799a421dd9d17103');
INSERT INTO `users` (`id`, `username`, `password`) VALUES (120, 'emmalee.boyer', 'ece6fbdfac8b627e4fd3e4413f7d2a6972e1396f');
INSERT INTO `users` (`id`, `username`, `password`) VALUES (121, 'zackery68', 'f7312835b1a73a3e1eca2bf60cfc00b8a9961590');
INSERT INTO `users` (`id`, `username`, `password`) VALUES (122, 'zwalsh', '15531a7852b5d671f47b17d1737cf2fe2efcee18');
INSERT INTO `users` (`id`, `username`, `password`) VALUES (123, 'lizzie.block', '2361157ed8312015b702f22c1eda08b152a06e23');
INSERT INTO `users` (`id`, `username`, `password`) VALUES (124, 'mcollins', 'a7d1d10cf426ff5b817c09f58912376e9c288d58');
INSERT INTO `users` (`id`, `username`, `password`) VALUES (125, 'felicia.will', 'ea0d84241453dcef16fe02af7851db410515456a');
INSERT INTO `users` (`id`, `username`, `password`) VALUES (126, 'cummerata.wendy', '19db569a03d40d95709913ec0bffe652c5d9d25f');
INSERT INTO `users` (`id`, `username`, `password`) VALUES (127, 'gottlieb.verda', '0b1719283b182ee90e2cb57af3c03186635bee7f');
INSERT INTO `users` (`id`, `username`, `password`) VALUES (128, 'lgreen', '666b654be693faac889cd9d3504748c7255334f3');
INSERT INTO `users` (`id`, `username`, `password`) VALUES (129, 'schmidt.owen', '4a4dbaa566bc6e50d09f198faa635dd23e663a3c');
INSERT INTO `users` (`id`, `username`, `password`) VALUES (130, 'estefania.harber', '88ae876407ab627a4fc3f172be9c2ca964556255');
INSERT INTO `users` (`id`, `username`, `password`) VALUES (131, 'lubowitz.august', 'db3eb42f440cac49d496127749fc639177903ba4');
INSERT INTO `users` (`id`, `username`, `password`) VALUES (132, 'bvandervort', '9e9fe566481bb021e7e8f59f362bb1baa625441d');
INSERT INTO `users` (`id`, `username`, `password`) VALUES (133, 'bailey.eryn', 'dcb187d8fa24f4ad4a951bec0c76cf290ce019e6');
INSERT INTO `users` (`id`, `username`, `password`) VALUES (134, 'merl94', '07d11e6f42d88de23ee672b232df343d706840ba');
INSERT INTO `users` (`id`, `username`, `password`) VALUES (135, 'graham.jessie', 'c9d3eb12d88abe843b79719c51f02bbecb3a2261');
INSERT INTO `users` (`id`, `username`, `password`) VALUES (136, 'eveline81', '0f311e25b13d8d6d16c9af2c32bd96b7b38b9d64');
INSERT INTO `users` (`id`, `username`, `password`) VALUES (137, 'norene45', '5a29ab21b7acff7add88bb96e6881d658ac4aa9a');
INSERT INTO `users` (`id`, `username`, `password`) VALUES (138, 'bennett.toy', 'd547da80a37f82c76c03357a92706b398d00e3fe');
INSERT INTO `users` (`id`, `username`, `password`) VALUES (139, 'ignatius91', '8b4f6e7f6b050b204592dc99a7ae90508b10d23c');
INSERT INTO `users` (`id`, `username`, `password`) VALUES (140, 'mcclure.joanie', '8a9cf73c22cbda016439d5017fe416c286c90335');
INSERT INTO `users` (`id`, `username`, `password`) VALUES (141, 'xfritsch', '62720b72069afcd8793815047b3b34fdfbbe6ca7');
INSERT INTO `users` (`id`, `username`, `password`) VALUES (142, 'russel.noe', 'd15bacd0719852cc351c403e593a723f61177b4c');
INSERT INTO `users` (`id`, `username`, `password`) VALUES (143, 'ysporer', '460b1d8537807bed6a66495db903c2dbde00d73c');
INSERT INTO `users` (`id`, `username`, `password`) VALUES (144, 'della42', '52c88f47aab55c38f078b4a89c2e6cbfafe6a2d8');
INSERT INTO `users` (`id`, `username`, `password`) VALUES (145, 'mireya50', '3179ddc03ca51c65a4caa331dccf2c3de5df1953');
INSERT INTO `users` (`id`, `username`, `password`) VALUES (146, 'adolf08', '4f08fe3b8189a7c8c760b3e0539a9d1e6777bc94');
INSERT INTO `users` (`id`, `username`, `password`) VALUES (147, 'maxie.corwin', '6daf075edc1610ba86fc274c2f947c7c43eb2bc7');
INSERT INTO `users` (`id`, `username`, `password`) VALUES (148, 'joe.tromp', '1a8273940cd1b4b15419c1a9a0fa0297919ced19');
INSERT INTO `users` (`id`, `username`, `password`) VALUES (149, 'ellen49', '7c0bacbb18027d8b2209e6e0137a34f1ecc2e588');
INSERT INTO `users` (`id`, `username`, `password`) VALUES (150, 'aherman', 'f4458ba66528300d8925ccf9561e5ffcbe3ff6df');


